Use,0,name,アップルグミ
Use,0,description,"HPが最大値の30％分回復。
ガルポス産の新鮮なリンゴを使用"
Use,1,name,レモングミ
Use,1,description,"HPが最大値の60％分回復。
レモン味。このすっぱさがクセになる"
Use,2,name,オレンジグミ
Use,2,description,"TPが最大値の30％分回復。
オレンジ味。優しい甘さが人気"
Use,3,name,パイングミ
Use,3,description,"TPが最大値の60％分回復。
ガルポス産の完熟パインを使用"
Use,4,name,ミックスグミ
Use,4,description,"HPとTPが最大値の30％分回復。
トロピカルなフルーツミックス味"
Use,5,name,ミラクルグミ
Use,5,description,"HPとTPが最大値の60％分回復。
ミラクルな味をあなたに"
Use,6,name,スペシフィック
Use,6,description,"パーティー全員のHPを最大値の30％分回復。
周囲にまいて使う"
Use,7,name,トリート
Use,7,description,"パーティー全員のTPを最大値の30％分回復。
周囲にまいて使う"
Use,8,name,ポイズンボトル
Use,8,description,"毒を回復する薬。
苦くても効果は抜群。旅の必需品"
Use,9,name,ウィークボトル
Use,9,description,"衰弱を回復する薬。
元気のみなもと。グイっといこう"
Use,10,name,パラライボトル
Use,10,description,"麻痺を回復する薬。
劇薬扱いなので多用は禁物"
Use,11,name,フィアーボトル
Use,11,description,"恐怖を回復する薬。
気合でなんとかできれば苦労はない"
Use,12,name,ストーンボトル
Use,12,description,"石化を回復する薬。
臭いので取り扱いには注意"
Use,13,name,キュアボトル
Use,13,description,"全ての状態異常を回復。
爽やかなハーブの香りで心まで軽やかに"
Use,14,name,ディネイボトル
Use,14,description,"全ての悪い状態変化を解除。
濃厚な花の香りが疲れた心を癒す"
Use,15,name,パナシーアボトル
Use,15,description,"状態異常・悪い状態変化を全て回復。
まさに万能な薬。ひとつは持っておきたい"
Use,16,name,ライフボトル
Use,16,description,"戦闘不能の仲間１人のHPを30％
TPを15％回復してくれる霊水"
Use,17,name,エリクシール
Use,17,description,"全状態異常・悪い状態変化、戦闘不能を回復し
HP・TPを最大まで回復する秘薬"
Use,18,name,ダークボトル
Use,18,description,"一定時間、魔物を引き寄せる。
…覚悟なき者、其の力、安易に使うことなかれ"
Use,19,name,ハイダークボトル
Use,19,description,"一定時間、強力な力で魔物を引き寄せる。
…其の強大な力に滅ぼされんことを"
Use,20,name,ホーリィボトル
Use,20,description,"一定時間、敵を寄せ付けない。
…聖なる力を宿せし水、彼の者の旅路に祝福を"
Use,21,name,ハイホーリィボトル
Use,21,description,"一定時間、強力な力で敵を寄せ付けない。
…彼の者に、聖なる光の道を"
Use,22,name,セージ
Use,22,description,"最大HPが永久に10上昇する。
滋養強壮の効果がある薬草"
Use,23,name,レッドセージ
Use,23,description,"最大HPが永久に30上昇する。
セージの中でも選りすぐりの高級品"
Use,24,name,セボリー
Use,24,description,"最大TPが永久に5上昇する。
精神安定効果のある薬草"
Use,25,name,レッドセボリー
Use,25,description,"最大TPが永久に10上昇する。
セボリーの中でも選りすぐりの高級品"
Use,26,name,ラベンダー
Use,26,description,"物攻が永久に1上昇する。
煎じて飲むと力がつくといわれる薬草"
Use,27,name,レッドラベンダー
Use,27,description,"物攻が永久に3上昇する。
ラベンダーの中でも選りすぐりの高級品"
Use,28,name,ベルベーヌ
Use,28,description,"物防が永久に1上昇する。
体を丈夫にしてくれるといわれる薬草"
Use,29,name,レッドベルベーヌ
Use,29,description,"物防が永久に3上昇する。
熟成させ、効果を最大限まで引き出した高級品"
Use,30,name,カモミール
Use,30,description,"術攻が永久に1上昇する。
集中力アップの効果があるといわれる薬草"
Use,31,name,レッドカモミール
Use,31,description,"術攻が永久に3上昇する。
希少価値が高く、効果も高い薬草"
Use,32,name,サフラン
Use,32,description,"術防が永久に1上昇する。
くじけぬ強い心をつくるといわれる薬草"
Use,33,name,レッドサフラン
Use,33,description,"術防が永久に3上昇する。
サフランの中でも選りすぐりの高級品"
Use,34,name,オールディバイド
Use,34,description,"敵･味方問わず全てのダメージを半減する
不思議空間を作り出してくれる"
Use,35,name,スペクタクルズ
Use,35,description,"敵のステータスを調べることが出来る。
味方を覗いても透けて見えない"
Weapon,0,name,Eddy's Sword
Weapon,0,description,"一見、頑丈そうに見えるが、ただのハリボテ。
しかし殴られると大人でも痛い"
Weapon,1,name,ブロードソード
Weapon,1,description,"幅広の両手剣。突くことよりも、
断ち切ることに重みが置かれている"
Weapon,2,name,アイアンソード
Weapon,2,description,"鉄で作られた剣。細身ながらも
頑丈な作りのため、冒険者に愛されている"
Weapon,3,name,グレートソード
Weapon,3,description,"とても大きな両手剣。重量を生かし
叩きつけるように攻撃することもしばしば"
Weapon,4,name,バトルソード
Weapon,4,description,"汎用性と実用性を突き詰めた剣。
熟練者からは使いやすいと評判"
Weapon,5,name,ラディウスソード
Weapon,5,description,"光の力を纏いし剣。その刀身は切った者を
浄化するほどの力を秘めているという"
Weapon,6,name,柳葉刀
Weapon,6,description,"アシハラで主流の片刃の剣。
幅広の刃のため、重量を生かす戦い方をする"
Weapon,7,name,バスタードソード
Weapon,7,description,"見た目に反し、斬ることだけではなく
突くことにも適した剣"
Weapon,8,name,ストームソード
Weapon,8,description,"風の力を宿した剣。
吹きすさびし風は剣となり盾にもなる"
Weapon,9,name,グリムソード
Weapon,9,description,"魔剣を模して作られた剣。
ガラムの職人の魂が込められた一品"
Weapon,10,name,スチールソード
Weapon,10,description,"はがねで作られた剣。
シンプル・イズ・ベスト"
Weapon,11,name,シャープネスソード
Weapon,11,description,"切れ味の鋭い剣。うっかり自分を
切ってしまわないよう取り扱いに注意"
Weapon,12,name,ハピネスソード
Weapon,12,description,"幸せの名を持つ剣。
職人の願いが込められている"
Weapon,13,name,マジカルソード
Weapon,13,description,"魔法のようにマジカルな剣。
どこがマジカルなのかは誰も知らない"
Weapon,14,name,ヒートソード
Weapon,14,description,"炎を彷彿とさせる赤い刀身が特徴。
まるでガルポスの炎天を象徴するかのよう"
Weapon,15,name,ゼピュロス
Weapon,15,description,"風の力が宿りし剣。溢れんばかりの力が
刀身を緑に染め上げている"
Weapon,16,name,ツヴァイハンダー
Weapon,16,description,"巨大な剣。その大きさゆえに
重量と大きさを生かした戦法が中心となっている"
Weapon,17,name,アイスコフィン
Weapon,17,description,"「氷の霊柩」の名を持つ剣。
霊柩の力により持つものに魔力を与えるという"
Weapon,18,name,ボルテックソード
Weapon,18,description,"常に雷を纏っている剣。
その刃を受けし身には、非情なる力が駆け抜ける"
Weapon,19,name,ルーンソード
Weapon,19,description,"特殊な術式が施された剣。
その力により、驚くほど軽く扱いやすい"
Weapon,20,name,クレイソード
Weapon,20,description,"土の力を宿す剣。
牙を剥く者を母なる大地へと還元する"
Weapon,21,name,グロリアスソード
Weapon,21,description,"「名誉」の名を持つ剣。
使い手を名誉ある地位へと導くといわれている"
Weapon,22,name,フランベルジュ
Weapon,22,description,"炎の力を纏いし刀身は
刃に触れし者を灼熱の炎で包み込む"
Weapon,23,name,イヴィルソード
Weapon,23,description,"闇の力を纏いし刀身は黒く染まり
刃に触れし者を負の力で蝕む"
Weapon,24,name,ミスリルソード
Weapon,24,description,"「失われた金属」で作られた剣。
強固な刀身はまるで磨かれた鏡のよう"
Weapon,25,name,エクスカリバー
Weapon,25,description,"光の力を宿した聖なる剣。
その剣が描く軌道は安らかなる天への旅路を示す"
Weapon,26,name,バルムンク
Weapon,26,description,"宝玉が埋め込まれた幅広の剣。
その一撃は、かつて邪龍をも打ち倒したという"
Weapon,27,name,オブシディアン
Weapon,27,description,"禍々しい闇の力を纏う刀身は黒く輝く。
すべての者を黄泉へと誘うという"
Weapon,28,name,インフェルノソード
Weapon,28,description,"炎の力を纏いし赤き刀身は
すべてを灰燼に帰すほどの力を持つ"
Weapon,29,name,魔剣ネビリム
Weapon,29,description,"倒した敵の数で、攻撃力が成長する
血塗られた魔剣。共に歩む覚悟が必要"
Weapon,30,name,釘バット
Weapon,30,description,"世紀末を感じさせるバット。
間違っても街中で振り回さないように"
Weapon,31,name,ヴァルナ
Weapon,31,description,"澄み切った青い刀身を持つ剣。
秩序と倫理を支配下におくとされる"
Weapon,32,name,天剣ヴァルナ
Weapon,32,description,"かの世界の力が付加された剣。
強大な力で秩序と倫理を支配する"
Weapon,33,name,リボルバーＳＡ
Weapon,33,description,"数世代前の銃。
古くとも手入れさえすればまだまだ現役"
Weapon,34,name,ミリタリーマグ
Weapon,34,description,"軍用の銃。
レグヌム兵に支給されている"
Weapon,35,name,リボルバーＤＡ
Weapon,35,description,"一般的な銃。
より実戦向けな作りとなっている"
Weapon,36,name,オートマカスタム
Weapon,36,description,"自動式拳銃。
連射性能が向上している"
Weapon,37,name,ラピッドトリガー
Weapon,37,description,"素早く撃てるように改良された銃。
はやてのごとき速さで敵を撃つ"
Weapon,38,name,ストライクトリガー
Weapon,38,description,"照準をあわせやすく改良された銃。
狙った獲物は外さない"
Weapon,39,name,テンプルカスタム
Weapon,39,description,"教団幹部に支給されている銃。
扱いやすく魔を払う力も秘めている"
Weapon,40,name,セキレイ
Weapon,40,description,"アシハラに生息する鳥の名を冠した銃。
その作りは精巧にして繊細"
Weapon,41,name,エアロマグ
Weapon,41,description,"風の力を宿した銃。
撃たれた者を貫く弾丸はまさに疾風のよう"
Weapon,42,name,クイックワーカー
Weapon,42,description,"動作性能を求めて改良された銃。
早撃ちガンマンの必需品！"
Weapon,43,name,デザートベリアル
Weapon,43,description,環境の悪さを苦にしないといわれる銃
Weapon,44,name,オートマグ
Weapon,44,description,"マグナム弾を使う自動式拳銃。
扱いは難しいが威力は折り紙付き"
Weapon,45,name,ハッピートリガー
Weapon,45,description,"幸福の名を持つ銃。
トリガーハッピーとよく間違われる"
Weapon,46,name,ハイパーマグ
Weapon,46,description,"オートマグ強化版。
全体的に性能が向上している"
Weapon,47,name,シルバーマグ
Weapon,47,description,"銀で作られ、装飾が施された銃。
魔を払う聖なる力を宿している"
Weapon,48,name,ビリーズレガシー
Weapon,48,description,伝説のガンマンの遺産と称される魔銃
Weapon,49,name,ピースキーパー
Weapon,49,description,"紛争解決の調停者が所有する銃。
すべての者が幸福であらんことを"
Weapon,50,name,スマッシュトリガー
Weapon,50,description,"一撃の威力を求めて改良された銃。
その弾丸は敵を粉砕する"
Weapon,51,name,ボルテックマグ
Weapon,51,description,"常に電気を帯びている銃。
撃ち出される弾丸は雷球のごとし"
Weapon,52,name,ファウストマグ
Weapon,52,description,"あらゆる幸福と苦痛を宿す闇に染まりし銃。
闇の力を秘めている"
Weapon,53,name,ミスリルマグ
Weapon,53,description,"「失われた金属」で作られた銃。
見た目よりも重量が軽く扱いやすい"
Weapon,54,name,ゲイルトレーサー
Weapon,54,description,"強風を与える者の名を持つ銃。
撃ち出された弾丸は風の軌跡を描くという"
Weapon,55,name,ホウセンカ
Weapon,55,description,"赤く鮮やかな花をモチーフに作られた銃。
種が弾けるように弾丸を弾け飛ばす"
Weapon,56,name,テキサスブレイズ
Weapon,56,description,"開拓者の魂とも言える精巧な作りの銃。
その一撃が新たなる道を作る"
Weapon,57,name,プロミネンスマグ
Weapon,57,description,"立ち昇る赤き炎のような色に染まった
火の力を宿した銃"
Weapon,58,name,ブリザードマグ
Weapon,58,description,"猛吹雪のように冷たい冷気をまとった銃。
水の力を宿している"
Weapon,59,name,ワギャナイザー
Weapon,59,description,"かわいらしい恐竜を模して作られた銃。
痺れるような鳴き声が聞こえる気がする"
Weapon,60,name,ルシファー
Weapon,60,description,"「光り輝く者」の名を冠した銃。
すべての魔が屈するほどの威力を持つ"
Weapon,61,name,霊銃ルシファー
Weapon,61,description,"「光り輝く者」の名を冠した銃の真の姿。
その威力は絶大にして無慈悲なり"
Weapon,62,name,オサフネ
Weapon,62,description,"「長船」の名を冠するアシハラ伝来の名刀。
研ぎ澄まされた刃は美しく輝く"
Weapon,63,name,デュエルブレード
Weapon,63,description,"決闘用の剣。
強い思いを乗せて振るうことで、力を発揮する"
Weapon,64,name,ナイトレイピア
Weapon,64,description,"騎士用の剣。細身でかつ
先端が鋭く尖っており、刺すことに適している"
Weapon,65,name,ブリッツブレード
Weapon,65,description,"強襲に特化した剣。重量は軽く
電光石火のごとく相手を制圧することが出来る"
Weapon,66,name,オリエンタルブレード
Weapon,66,description,"異国情緒漂う刀剣。
シンプルだが、非常に繊細な作りをしている"
Weapon,67,name,カグツチ
Weapon,67,description,"火の神の名を冠した刀。
使い手に火の加護を与えるという"
Weapon,68,name,ウィンドレイピア
Weapon,68,description,"風の力が宿った剣。
疾風のごとく振るうことが出来るほど軽い"
Weapon,69,name,クレセントブレード
Weapon,69,description,"三日月をモチーフとした剣。他の剣と比べて
湾曲しているため、切れ味抜群"
Weapon,70,name,ゲッテンシ
Weapon,70,description,"聖なる力を宿した刀。
辺りを照らすほどの神々しさを持つ"
Weapon,71,name,スクラマブレード
Weapon,71,description,"片刃の直刀。
ナイフのような刀身で使い勝手が良いと評判"
Weapon,72,name,ライトニングブレード
Weapon,72,description,"雷の力を帯びている刀。
稲妻をかたどった形がより相手を恐怖させる"
Weapon,73,name,シルバーレイピア
Weapon,73,description,"銀で作られたレイピア。
悪しき者を断罪するに相応しい剣"
Weapon,74,name,シグレ
Weapon,74,description,"常に刀身が濡れている不思議な霊剣。
持つ者は魔力が溢れかえるといわれている"
Weapon,75,name,ヴォーパルブレード
Weapon,75,description,"魔獣に対抗すべく鍛えられた剣。
輝かしい刃は鋭い切れ味を誇る"
Weapon,76,name,フォーマルレイピア
Weapon,76,description,"軍で正式採用されている剣。
しかし階級が高くないと支給されない"
Weapon,77,name,ファイアブレード
Weapon,77,description,"火の力が宿り、炎のように赤い剣。
その姿はまるで使い手の心を表すかのごとく"
Weapon,78,name,ムラマサ
Weapon,78,description,"呪われし妖刀。その切れ味は
切られた者に痛みを感じさせないほど"
Weapon,79,name,マサムネ
Weapon,79,description,"銘を刻まずともその物だとわかると言われる銘刀
「篭手斬り」の異名を持つ"
Weapon,80,name,ミスリルブレード
Weapon,80,description,"「失われた金属」で作られた刀。
その軽さにより使い手の負担を軽減する"
Weapon,81,name,コンゴウ
Weapon,81,description,"非常に硬い金属で作られた刀。
重量もそれなりだが、使い手に土の力を与える"
Weapon,82,name,シュバルツレーヴェ
Weapon,82,description,"「黒獅子」の名を持つ剣。
その刀身は荘厳にして華麗"
Weapon,83,name,フウジン
Weapon,83,description,"風の神の名を冠する刀。
その強大な力ゆえに刀身は緑に染まっている"
Weapon,84,name,シデン
Weapon,84,description,"研ぎ澄まされた刃に、雷の力が宿った刀。
その切れ味と素早さはまさに雷光"
Weapon,85,name,ダイコン
Weapon,85,description,"切っても切られてもダイコン。
しかし、ただのダイコンと侮ることなかれ！"
Weapon,86,name,スサノオ
Weapon,86,description,"古き神話の神の名を冠する刀。
過ちは繰り返される。何度でも、何度でも"
Weapon,87,name,神刀スサノオ
Weapon,87,description,"古き神話の神の名を冠する刀。
繰り返される過ちを断ち切る力を持つ"
Weapon,88,name,マーシナリーライフル
Weapon,88,description,"一般的なライフル。
傭兵が好んで使うほど安定した性能を持つ"
Weapon,89,name,サンダーバレル
Weapon,89,description,"雷の力を宿した銃。
撃ち出されし弾丸は雷撃のごとし"
Weapon,90,name,ヤタガラス
Weapon,90,description,"迷える戦士の魂を神の国に誘うとされる銃。
三本の脚の文様が刻まれている"
Weapon,91,name,アサルトライフル
Weapon,91,description,"軍の主力ライフル。
近接戦闘にも対応できるよう改良されている"
Weapon,92,name,フォーマルハウト
Weapon,92,description,"「鯨の口」の名を持つ銃。
その弾丸は水の力を持って敵を撃ち貫く"
Weapon,93,name,アルチザンバレル
Weapon,93,description,"職人が一丁一丁、丁寧に作り上げた銃。
その出来はまさに職人技"
Weapon,94,name,クロノス
Weapon,94,description,"大地の神の名を冠した銃。
巨人に踏まれたかのような衝撃を受けるという"
Weapon,95,name,サダルスウド
Weapon,95,description,"「最高の幸運」の名を持つ銃。
持っていても幸福が訪れるかどうかは自分次第"
Weapon,96,name,スネークガンナー
Weapon,96,description,"刀身が蛇の牙のように鋭い銃剣。
引っ掛けたり、撫で斬ることが出来る"
Weapon,97,name,アルナスライン
Weapon,97,description,"「二羽の鷲」の名を持つ銃。
銃剣が鷲に見立てて作られている"
Weapon,98,name,ディルガン
Weapon,98,description,"かつて崇拝された星の名を冠した銃。
持つ者に希望を与えるといわれている"
Weapon,99,name,アプス
Weapon,99,description,"「風鳥」の名を持つ銃。
風を纏いし霊鳥が持つ者の魔力を高めるという"
Weapon,100,name,ポスポロス
Weapon,100,description,"「光をもたらす者」の名を持つ銃。
闇に堕ちた者にも光をもたらすという"
Weapon,101,name,コル・スコルピオ
Weapon,101,description,"「蠍の心臓」の名を持つ銃。
その弾丸は正確に対象の心臓を捉えるという"
Weapon,102,name,アルナイル
Weapon,102,description,"「輝く者」の名を持つ銃。
その銃身は光り輝き、持つ者に祝福を授ける"
Weapon,103,name,ストリボーグ
Weapon,103,description,"風神の名を冠した銃。
その一撃は荒ぶる風となり敵を撃つ"
Weapon,104,name,ミスリルバレル
Weapon,104,description,"「失われた金属」で作られた銃。
弾丸は空を裂き、銃剣は岩をも砕くという"
Weapon,105,name,シリウス
Weapon,105,description,"「焼き焦がす者」の名を持つ銃。
放たれた弾丸は全てを焼き尽くす"
Weapon,106,name,アインアルハイ
Weapon,106,description,"「蛇の目」の名を持つ銃。
その前に立つ者は蛇に睨まれた蛙となる"
Weapon,107,name,ミルザム
Weapon,107,description,"「予告する者」の名を持つ銃。
相対する者は滅びの宣告を受けるであろう"
Weapon,108,name,コル・レオニス
Weapon,108,description,"「獅子の心臓」の名を持つ銃。
その弾丸は獅子をも一撃で打ち倒す"
Weapon,109,name,ラス・アルグル
Weapon,109,description,"「悪魔の頭」の名を持つ闇の銃。
赤く煌く銃身は常に血を欲しているかのよう"
Weapon,110,name,竹ぼうき
Weapon,110,description,"竹の小枝を束ね竹の幹を柄としたほうき。
ゴミも敵もキレイにお掃除、お掃除♪"
Weapon,111,name,ハーデス
Weapon,111,description,"冥府の神の名を冠した銃。
その弾丸は敵を闇へ誘う"
Weapon,112,name,神銃ハーデス
Weapon,112,description,"冥府の神の名を冠した銃。
対峙した者は全て、冥府へと誘われるだろう"
Weapon,113,name,教団支給短剣
Weapon,113,description,"教団で主に使用されている短剣。
作りは簡素だが教団内では扱いやすいと評判"
Weapon,114,name,プロテクトナイフ
Weapon,114,description,"護身用のナイフ。
攻守ともにバランスが良く作られている"
Weapon,115,name,ウィンドダガー
Weapon,115,description,"風の魔力が宿りし短剣。
物理的な力は低く、魔の力が高いという"
Weapon,116,name,サバイバルナイフ
Weapon,116,description,"サバイバルを目的として作られた大型のナイフ。
鋭い切れ味と強度を持っている"
Weapon,117,name,退魔刃
Weapon,117,description,"魔を退ける力を宿したナイフ。
…悪しき者、その力に滅されんことを"
Weapon,118,name,プログレスナイフ
Weapon,118,description,"切れ味、重量、使いやすさなど
すべての性能が向上されたナイフ"
Weapon,119,name,コーラルダガー
Weapon,119,description,"珊瑚で作られ水の加護を宿しているナイフ。
ガラムの職人の魂のこもった一品"
Weapon,120,name,ガードショテル
Weapon,120,description,"盾を避けて攻撃できるよう作られた短剣。
攻撃を防げるようにも改良されている"
Weapon,121,name,ジュエルダガー
Weapon,121,description,"諸刃の短剣。埋め込まれた宝石は
ガルポスで産出される希少なもの"
Weapon,122,name,バーニングエッジ
Weapon,122,description,"火の力を宿したナイフ。
その刀身は、まさに燃え盛る炎のよう"
Weapon,123,name,グランドバスター
Weapon,123,description,"地の力を宿すナイフ。
その威力は大地を揺るがすとさえいわれている"
Weapon,124,name,ツヴァイエッジ
Weapon,124,description,"切っ先がふたつに分かれているナイフ。
少々扱いにくいが、威力は抜群"
Weapon,125,name,ディバインナイフ
Weapon,125,description,"神聖な雰囲気を持つナイフ。
その姿はまるで天への信仰を具現化したよう"
Weapon,126,name,オロチ
Weapon,126,description,"蛇のように湾曲したナイフ。
禍々しい闇の力を秘めている"
Weapon,127,name,アゾット
Weapon,127,description,"謎の多いナイフ。その謎が解き明かされるとき
それは「終わり」か「始まり」か"
Weapon,128,name,ミスリルダガー
Weapon,128,description,"「失われた金属」で作られた短剣。
振れば大地をも切り裂くといわれている"
Weapon,129,name,カラドボルグ
Weapon,129,description,"「硬い稲光」の名を持つ短剣。
一振りで三つの丘の頂を切り落としたとされる"
Weapon,130,name,ルビーアイ
Weapon,130,description,"火の力を宿し、刀身が赤く染まった短剣。
その形はまるで瞳のよう"
Weapon,131,name,スローンズダガー
Weapon,131,description,"「座天使」の名を冠するナイフ。
その清らかな姿はすべての人を魅了する"
Weapon,132,name,マルドゥーク
Weapon,132,description,"「魔術と知恵を司る水神」の名を冠するナイフ。
激しく穏やかな力を宿している"
Weapon,133,name,クラウ・ソラス
Weapon,133,description,"光の力を宿したナイフ。
「不敗の剣」とも呼ばれている"
Weapon,134,name,おでん
Weapon,134,description,"味がしみこんだアツアツのおでん。
振り回し過ぎて具を落とさないように！"
Weapon,135,name,イスラフィール
Weapon,135,description,"最後の審判の裁きを知らせるとされるナイフ。
罪深き者に厳正なる裁きを与えん"
Weapon,136,name,輝剣イスラフィール
Weapon,136,description,"昏きものを光へと導くとされるナイフ。
その力はすべてを照らす救世の光"
Weapon,137,name,レザーグローブ
Weapon,137,description,"革で作られたグローブ。拳への衝撃を
少し和らげてくれる。素手よりは戦える"
Weapon,138,name,バトルグローブ
Weapon,138,description,"戦闘に特化したグローブ。
拳への衝撃吸収にすぐれている"
Weapon,139,name,火焔籠手
Weapon,139,description,"火の力を宿している篭手。
その爪は火焔のごとく燃え盛る赤"
Weapon,140,name,ブレードナックル
Weapon,140,description,"刃を模したナックル。
殴りつつ切ることも出来る万能品"
Weapon,141,name,パワーズナックル
Weapon,141,description,"攻撃力に特化したナックル。
着けると力が満ち溢れるといわれている"
Weapon,142,name,ジェリドサフィルス
Weapon,142,description,"氷のように冷たい青色をした篭手。
水の力を宿している"
Weapon,143,name,モールクロー
Weapon,143,description,"もぐらのツメのような形をしたクロー。
ドリルではないので間違えないように"
Weapon,144,name,ジャマダハル
Weapon,144,description,"刺すことに特化した特殊な形状の刀剣。
力を込めやすく、一撃は鎧をも貫通する"
Weapon,145,name,雷神籠手
Weapon,145,description,"雷神の名を冠する篭手。
雷の力を宿し、常に雷光を発している"
Weapon,146,name,シルバーナックル
Weapon,146,description,"銀で出来たナックル。
その一撃は魔をも打ち砕く"
Weapon,147,name,エンジェルアーム
Weapon,147,description,"天使の加護を受けし拳。
加護により持つ者の魔力を大幅に高めてくれる"
Weapon,148,name,カイゼルフィスト
Weapon,148,description,"威厳や迫力を感じさせる武器。
民の上に立つ者が愛用したと伝えられている"
Weapon,149,name,ドリルアームズ
Weapon,149,description,"その姿は不退転を現すがごとく。
ロマンの象徴でもある奥深い武器"
Weapon,150,name,ブレイジングロア
Weapon,150,description,"火の力を宿した篭手。
強大な力のため燃えるような色をしている"
Weapon,151,name,トールハンマー
Weapon,151,description,"雷神が所有する武器の名を冠する篭手。
雷の加護を得ている"
Weapon,152,name,ジャイアントフィスト
Weapon,152,description,"巨人の拳のように大きな篭手。
正直者にはトゲつき鉄球に見えるという"
Weapon,153,name,ミスリルアームズ
Weapon,153,description,"「失われた金属」で作られた篭手。
その強固さは岩をも砕くといわれている"
Weapon,154,name,デモンズアーム
Weapon,154,description,"敵の魂を掴み取る悪魔の拳。
闇の力を秘めている"
Weapon,155,name,ドラゴンファング
Weapon,155,description,"竜の牙を加工して作られた篭手。
全てを貫くほどの威力を持つ"
Weapon,156,name,ウィンドミル
Weapon,156,description,"風車の名を冠する篭手。
穏やかに見えるがその威力は侮れない"
Weapon,157,name,タイタンフィスト
Weapon,157,description,"巨人族の拳を現しているかのような篭手。
大地を揺さぶるほどの地の力を宿す"
Weapon,158,name,にくきゅうナックル
Weapon,158,description,"ずっとぷにぷにしたくなる
魅惑のにくきゅうを持つナックル"
Weapon,159,name,ルドラ
Weapon,159,description,"暴風雨神の名を冠する篭手。
その一撃は暴風のように荒れ狂う"
Weapon,160,name,咆拳ルドラ
Weapon,160,description,"暴風雨神の名を冠する篭手。
ひとたび攻撃すると天を突く咆哮が唸りをあげる"
Weapon,161,name,オディゴデスモス
Weapon,161,description,"不思議な文字で書かれた書物。
ある世界の伝承と理が書かれているという"
Weapon,162,name,イエローキングス
Weapon,162,description,"黄衣を着た王について書かれた書物。
読む者を狂気へと誘うといわれている"
Weapon,163,name,セラノフラグメント
Weapon,163,description,"古き紋様や魔物召喚について書かれた魔道書。
秘密の知識に溢れている"
Weapon,164,name,バーニングブラッド
Weapon,164,description,"人体発火についての論文をまとめた一冊。
隠された真の意味を知るものは少ない"
Weapon,165,name,金枝篇
Weapon,165,description,"魔術や呪術について書かれた書物。
史料・記録から口伝まで広く集められている"
Weapon,166,name,テトラビブロス
Weapon,166,description,"占星術について書かれた書物。
全ての占星術の基盤になったといわれている"
Weapon,167,name,ルルイエテキスト
Weapon,167,description,"邪悪なる者と海の関わりについて書かれた本。
どこからか水の音が聞こえてくる"
Weapon,168,name,ソングオブガイア
Weapon,168,description,"少数民族に伝承された歌を書き連ねた本。
その歌は命を奪うが実りをもたらす"
Weapon,169,name,ゾハール
Weapon,169,description,"神に近付くための伝承が書かれた本。
その本は光り輝き、持つ者を災厄から護る"
Weapon,170,name,レメゲトン
Weapon,170,description,"多くの魔物の特徴と召喚方法が書かれた魔道書。
５つの書物から成り立っている"
Weapon,171,name,ストームブリンガー
Weapon,171,description,"嵐、転じて災厄を招くといわれる魔道書。
姿・形を変え何度も歴史に登場する"
Weapon,172,name,モノリスピープル
Weapon,172,description,"くすんだ赤色の表紙を持つ詩集。
読んだ者は悪夢の世界に魅せられるという"
Weapon,173,name,ヘクセンハンマー
Weapon,173,description,"悪魔や魔女について書かれた書物。
雷に撃たれたかのような衝撃を受けるという"
Weapon,174,name,ネコール
Weapon,174,description,"かわいらしいネコが表紙の絵本。
ネコの良さが、余すところなく書かれている"
Weapon,175,name,死者の書
Weapon,175,description,"死者とともに埋葬されたといわれる書物。
死者が冥府に入る流れが書かれている"
Weapon,176,name,ミサレクイエム
Weapon,176,description,"呪文を歌劇の形で偽装して記された書物。
その難解な旋律は演奏不可能"
Weapon,177,name,リーベルレギス
Weapon,177,description,"遠い世界の者について書かれた書物。
その書物は古く不完全な状態"
Weapon,178,name,ミストセブンサン
Weapon,178,description,"古代の神々に関して書かれた秘典。
遠い世界で噂になっていたといわれている"
Weapon,179,name,アクアディンゲン
Weapon,179,description,"水の神殿の所在を示すという解析書。
常人では理解できない文法で書かれている"
Weapon,180,name,ブックオブミュース
Weapon,180,description,"ミュース族の生態が書かれた本。
ミュース族と仲良くなりたい人は必見！"
Weapon,181,name,トゥルーマジック
Weapon,181,description,"魔術についての真理が書かれた書物。
魔術師ならば誰もが欲しがる究極の魔術書"
Weapon,182,name,ガールンフラグメント
Weapon,182,description,"地底都市について書かれた魔道書。
失われた世界についても言及されている"
Weapon,183,name,ネクロノミコン
Weapon,183,description,"禁断の書とも呼ばれる闇の書物。
複雑多岐に渡る魔術の奥義が書かれている"
Weapon,184,name,Ｎ・Ｇ
Weapon,184,description,"異世界の文字で何か書かれているが
遊びをクリエイトする本のようだ"
Weapon,185,name,アスクレピオス
Weapon,185,description,"医学書を偽装して作られた魔道書。
難解であるため読める者はいないという"
Weapon,186,name,真書アスクレピオス
Weapon,186,description,"医学書を偽装して作られた魔道書。
その力は死者をも蘇らせるとのウワサ"
Weapon,187,name,ピルム・ムルス
Weapon,187,description,"投げたり突いたりするために作られた双槍。
比較的軽く、扱いやすい"
Weapon,188,name,サンダートゥース
Weapon,188,description,"雷獣の牙を用いて作られた槍。
その刀身は常に電気を帯びている"
Weapon,189,name,ガスティースピア
Weapon,189,description,"風の力を宿している槍。
その一閃は吹き荒ぶ風のごとし"
Weapon,190,name,リチュアルスピア
Weapon,190,description,"ある民族が儀式用に作ったと言われる槍。
刀身には怪しげな紋様が描かれている"
Weapon,191,name,ガ・ジャルグ
Weapon,191,description,"赤槍の名を持つ槍。
持つ者に様々な効果を与えるといわれている"
Weapon,192,name,ルーンスピア
Weapon,192,description,"特殊な術式が施された槍。
その力により、驚くほど軽く扱いやすい"
Weapon,193,name,アースグレイブ
Weapon,193,description,"大地の力が宿った槍。
その刃は強靭で敵の攻撃をも防げるという"
Weapon,194,name,クリムゾンスピア
Weapon,194,description,"燃え盛る炎のように真っ赤な槍。
炎に焼かれたかのような一撃が相手を襲う"
Weapon,195,name,ハスタ・ノ・ヤリ
Weapon,195,description,"助けたお礼にハスタから渡された槍。
昨日の敵は今日の敵、ザ・グッバイ…"
Weapon,196,name,ディアボロス
Weapon,196,description,"悪魔の名を持つ魔槍。
強大過ぎる力は持ち主にも危害を及ぼす"
Weapon,197,name,ブリューナク
Weapon,197,description,"絶対の勝利をもたらすといわれる神槍。
この世に貫けぬものなし"
Weapon,198,name,ミスリルランス
Weapon,198,description,"「失われた金属」で作られた槍。
その一閃は全てを貫き通す"
Weapon,199,name,ユピテル
Weapon,199,description,"雷神の名を持つ槍。
その刃は常に稲妻を纏っている"
Weapon,200,name,アナーヒト
Weapon,200,description,"清浄の名を持つ女神の槍。
蒼く輝く美しい刃が特徴的"
Weapon,201,name,バハムートティア
Weapon,201,description,"巨竜の死骸から出てきたとされる槍。
その重量ゆえに並の者ではあつかえない"
Weapon,202,name,グーングニル
Weapon,202,description,"全てを貫く無敵の槍。
放たれれば的をはずすことはないという"
Weapon,203,name,ロンゴミアント
Weapon,203,description,"聖槍と呼ばれる伝説の槍。
数々の伝説に形を変え出現している"
Weapon,204,name,ボレアス
Weapon,204,description,"「むさぼりつくす者」の名を冠した槍。
暴風の力で敵を切り刻むといわれている"
Weapon,205,name,ネギ
Weapon,205,description,"薬用にも食用にも使える立派な食材。
振り回すと歌を歌いたくなる衝動が…"
Weapon,206,name,アテナ
Weapon,206,description,"戦いの女神の名を冠した槍。
流麗な装飾が施されている"
Weapon,207,name,幻槍アテナ
Weapon,207,description,"戦いの女神の名を冠した槍。
持つ者は常に勝利の女神に微笑まれるだろう"
Armor,0,name,オートクチュール
Armor,0,description,"オーダーメイドの服。仕立ては良いが
既製品より安く買いたたかれてしまう"
Armor,1,name,レザーメイル
Armor,1,description,"革製の鎧。
新米冒険者の基本装備"
Armor,2,name,ハードメイル
Armor,2,description,"鉄製の鎧。ある程度の腕や体力がないと
その可動制限と重さに負けてしまう"
Armor,3,name,リングメイル
Armor,3,description,"幾重ものリングを重ねて作った鎧。
かなり動きやすいと冒険者の間では評判"
Armor,4,name,アイアンメイル
Armor,4,description,"鉄製の鎧。これを使いこなせれば
もう一人前ともいわれる、かも"
Armor,5,name,チェインメイル
Armor,5,description,"親指ほどの太さの金属環を胸に当てて
強化した鎧"
Armor,6,name,ラメラレザー
Armor,6,description,"超硬質の皮を重ねて作られた鎧。
普通の金属鎧より頑丈"
Armor,7,name,スプリントメイル
Armor,7,description,"チェインメイルに鉄の小板を貼り付けた鎧。
硬さと可動のバランスがとてもよい"
Armor,8,name,ブレストプレート
Armor,8,description,"上半身を良質な金属板でおおった鎧。
動きやすさより硬さを優先している"
Armor,9,name,バトルスーツ
Armor,9,description,"動きやすいように可動部が各所に盛り込まれ
硬さと可動を両立させた鎧"
Armor,10,name,ナイトアーマー
Armor,10,description,"上位騎士にのみ支給される、超高級鎧。
シンプルだが扱いやすく、強い"
Armor,11,name,アブソリュートリィ
Armor,11,description,"色々なものが幾重にも重ねられた鎧。
火耐性を持っている"
Armor,12,name,シルバーメイル
Armor,12,description,"銀製の鎧。豪華で上品な作りのため
しばしば式典などで使われる"
Armor,13,name,ゴシックプレート
Armor,13,description,"伝統的な技術で作られた鎧。
やや可動性に難があるが、頑丈さは負けない"
Armor,14,name,ルーンメイル
Armor,14,description,"特殊な術式を施し強化した鎧。
青いマントがトレードマーク"
Armor,15,name,フルプレート
Armor,15,description,"鋼板の継目も保護されている頑丈な鎧。
ただしかなり重い"
Armor,16,name,リフレックス
Armor,16,description,"大抵の攻撃をはね返す鎧。
味方の術はかかるので心配無用"
Armor,17,name,ミスリルメイル
Armor,17,description,"「失われた金属」で作られた鎧。
非常に軽くて丈夫。まさに理想の防具"
Armor,18,name,ゴールドアーマー
Armor,18,description,"おとぎ話で英雄が着用したとされる黄金の鎧。
それなりに頑丈"
Armor,19,name,スターメイル
Armor,19,description,"天高く輝く星の光を浴びて魔力を宿した鎧。
闇耐性を持っている"
Armor,20,name,ラストクルセイダー
Armor,20,description,"白金の輝きを放つ鎧。
光耐性を持っている"
Armor,21,name,マム・ベイン
Armor,21,description,"大地母神の守りを受けた鎧。
その存在は伝説として語られるほどに名高い"
Armor,22,name,フローガパノプリア
Armor,22,description,"すべてを超越する最強の鎧。
あらゆる炎をかき消す力を持っている"
Armor,23,name,ヴェントアルマトゥラ
Armor,23,description,"風の神の加護を受けた最強の鎧。
その秘めたる力はあらゆる風を無に帰すという"
Armor,24,name,カジュアルジャケット
Armor,24,description,"さっと羽織るだけで
たちまちカジュアルになる上着"
Armor,25,name,レザーガード
Armor,25,description,"革製の軽鎧。
新米冒険者の基本装備"
Armor,26,name,ファインガード
Armor,26,description,"作りの良い軽鎧。
コストと防御力の面でバランスの取れた品"
Armor,27,name,ブラックガード
Armor,27,description,"傭兵がこぞって着用する軽鎧。
戦場での使用率はかなりのものだとか"
Armor,28,name,アイアンガード
Armor,28,description,"鉄製の軽鎧。危険区域を
訪れる際に用意されるものとして知られる"
Armor,29,name,チェインガード
Armor,29,description,"軽さを優先して作られた胸当て。
動きやすいが防御力は鎧と比べて低め"
Armor,30,name,ラメラガード
Armor,30,description,"超硬質の皮を重ねて作られた軽鎧。
見た目よりも軽くて頑丈"
Armor,31,name,ハーフガード
Armor,31,description,"鋼鉄と革で作られた軽鎧。
衝撃を吸収しやすく丈夫"
Armor,32,name,ブレストガード
Armor,32,description,"胸部の防御に重点を置いた軽鎧。
確かに硬いが、腕へのダメージは回避すべき"
Armor,33,name,フェニックスガード
Armor,33,description,"不死鳥の力を宿しているといわれる軽鎧。
火耐性を持っている"
Armor,34,name,バトルガード
Armor,34,description,"軽さと防御力を兼ね備えた軽鎧。
戦いにおいて真価を発揮する"
Armor,35,name,マイティガード
Armor,35,description,"高い技術を用いて作られた鎧。
通常の技術としては最高レベルのもの"
Armor,36,name,シルバーガード
Armor,36,description,"銀製の軽鎧。
銀には魔よけの効果があるといわれている"
Armor,37,name,ゴシックガード
Armor,37,description,"なにからなにまで基本的なガーダー。
基本に忠実だからこそ、強い"
Armor,38,name,ルーンジャケット
Armor,38,description,"特殊な術式を施し強化した軽鎧。
普通の人間では傷ひとつつけられない"
Armor,39,name,ダイヤモンドガード
Armor,39,description,"この世でもっとも硬い、ダイヤモンドで
作られた軽鎧。弱点はそのお値段"
Armor,40,name,ムーンガード
Armor,40,description,"月の光を帯びて魔力を宿した幻想的な軽鎧。
光、闇耐性を持っている"
Armor,41,name,ミスリルガード
Armor,41,description,"「失われた金属」を用いた軽鎧。
その軽さは身に着けていない感覚と同じ"
Armor,42,name,レアプロテクター
Armor,42,description,"名匠の魂のこもった無二の傑作品。
通常の職人では仕上げることができない逸品"
Armor,43,name,プリズムプロテクター
Armor,43,description,"七色の輝きを持つ神秘の鎧。
その煌きは神々しさを放つ"
Armor,44,name,インペリアルガード
Armor,44,description,"皇帝の名を冠するに相応しい究極の逸品。
光と闇耐性を持っている"
Armor,45,name,アクアヴェスティティ
Armor,45,description,"流れる水で作られた神秘の衣。
あらゆる災厄を洗い流すと言われている"
Armor,46,name,エヴィヒシュヴァルツ
Armor,46,description,"深い闇をたたえた漆黒の軽鎧。
牙をむく者は深淵へと誘われる"
Armor,47,name,マギサネウロン
Armor,47,description,魔の力を宿した繊維を使用して作られた服
Armor,48,name,ベネディクション
Armor,48,description,教会の祝福を受けている服
Armor,49,name,アンバーローブ
Armor,49,description,"研究員の間では一般的な服。
戦闘を意識して作られてはいない"
Armor,50,name,シルククローク
Armor,50,description,"絹製の服。肌触り柔らかで丈夫。
着る者に気品を与える"
Armor,51,name,フェザーローブ
Armor,51,description,"羽のように軽やかな着心地が特徴の服。
風耐性を持っている"
Armor,52,name,ホワイトクローク
Armor,52,description,"純白のクローク。
着るとたちまち清楚なイメージに"
Armor,53,name,ブラックローブ
Armor,53,description,"純黒のローブ。
着る者に深き闇の一端を見せると言われている"
Armor,54,name,マジックローブ
Armor,54,description,"ほのかに魔力を蓄えた糸で縫製されたローブ。
着る者の力を高める"
Armor,55,name,ミスティクローク
Armor,55,description,"霧に包まれているかのように
神秘的な雰囲気を漂わせるクローク"
Armor,56,name,グリムローブ
Armor,56,description,"厳格な雰囲気を漂わせたローブ。
見た目以上の防御力を持つ"
Armor,57,name,シルバークローク
Armor,57,description,"各所に銀を用いられ作られた服。
銀の持つ魔よけの力が作用している"
Armor,58,name,ミディブラウス
Armor,58,description,"魔法の布で織られたブラウス。
装着者に届く前に魔法を消すと言われている"
Armor,59,name,ルーンローブ
Armor,59,description,"特殊な術式を施し強化したローブ。
黒を基調とした作りが人気の一品"
Armor,60,name,ミラージュクローク
Armor,60,description,"幻影を作り、攻撃を回避することで
装着者を守るとされるクローク"
Armor,61,name,ハーミットクローク
Armor,61,description,"強大な力を持ちながらも世を捨てた術士が
使用していたといわれているクローク"
Armor,62,name,ムーンローブ
Armor,62,description,"月の光を浴びた特殊な素材で作られたローブ。
光、闇耐性を持っている"
Armor,63,name,ミスリルクローク
Armor,63,description,"「失われた金属」の糸で編みこまれたクローク。
服とまったく変わらない柔軟性"
Armor,64,name,エルダーローブ
Armor,64,description,"偉大なる聖職者のみが身に着けることを許される
権威あるローブ"
Armor,65,name,ウォーロックローブ
Armor,65,description,"高位の術士が着用するローブ。
防御性能に長けている"
Armor,66,name,シンジャーローブ
Armor,66,description,"シンジャーホワイトから友好の証に貰ったローブ。
今日から君もシンジャーだ！"
Armor,67,name,ヘヴンリーガーブ
Armor,67,description,"天使の姿を模したガーブ。
光、闇の耐性を持っている"
Armor,68,name,エレメンタルクローク
Armor,68,description,"地水火風雷の加護を受けたクローク。
地、水、火、風、雷の耐性を持っている"
Armor,69,name,ルーメンストラ
Armor,69,description,"光の神の祝福を受けた最強のクローク。
すべての光を受け止めるという"
Armor,70,name,シエラロブ
Armor,70,description,"虹の神秘性をたたえた最強の法衣。
あらゆる属性攻撃への耐性を持つ"
Armor,71,name,ニットウェア
Armor,71,description,"毛糸を丁寧に編んで作られた服。
多少の寒さならへっちゃら。多少ならね"
Armor,72,name,チタンウェア
Armor,72,description,"チタンを編み込んだ服。
丈夫さが売りで長持ちすると評判"
Armor,73,name,スチールウェア
Armor,73,description,"鋼鉄を編みこんだ服。
服の割りにはかなりの重量を誇る"
Armor,74,name,ホワイトウェア
Armor,74,description,"清潔感溢れる純白の服。
歩きにくさはご愛嬌"
Armor,75,name,ブラックウェア
Armor,75,description,"純黒の服。
炭素繊維を編みこんである"
Armor,76,name,バトルウェア
Armor,76,description,"動きやすさと防御力を両立させた服。
戦闘時にその真価を発揮する"
Armor,77,name,ナイトウェア
Armor,77,description,"上位騎士が式典で着飾る服。
高級な素材で出来ており、見た目よりも軽い"
Armor,78,name,グリムウェア
Armor,78,description,"奇抜なデザインの服。
前掛けの虎の刺繍がとってもチャーミング"
Armor,79,name,チャイナドレス
Armor,79,description,"派手な色合いと
体のラインを際立たせるデザインの服"
Armor,80,name,ゴシックカーディガン
Armor,80,description,"古典的な手法で作られてはいるが
今でも十分使える防寒機能を備えた服"
Armor,81,name,ルーンウェア
Armor,81,description,"特殊な術式を施し強化した服。
高い防御力を誇る"
Armor,82,name,ファーコート
Armor,82,description,"高級な毛皮をふんだんに使用したコート。
水耐性を持っている"
Armor,83,name,プラチナウェア
Armor,83,description,"プラチナを編みこんだ服。
高貴なデザインながら、その防御力は侮れない"
Armor,84,name,クラウネリィー
Armor,84,description,"どこかなつかしいデザインの服。
民族衣装を思わせる哀愁漂う品"
Armor,85,name,ミスリルウェア
Armor,85,description,"「失われた金属」の糸で編みこまれた服。
着ていることを忘れてしまうほど軽い"
Armor,86,name,レアウェア
Armor,86,description,"名匠の魂が宿るほど
ひとつひとつの工程を丹念に仕上げた逸品"
Armor,87,name,ホーリィウェア
Armor,87,description,"聖なる力を宿し、見事な服飾が美しいローブ。
光耐性を持っている"
Armor,88,name,ワイルドキャット
Armor,88,description,"上下でセパレートされた最先端のファッション。
野生の力が溢れるにゃ～"
Armor,89,name,ヴァーミリオン
Armor,89,description,"この世のものとは思えぬ雰囲気漂う朱き服。
闇耐性を持っている"
Armor,90,name,フィーナルチャケタ
Armor,90,description,"未知の素材で作られた胴衣。
着用したものは世界を制するとまで言われている"
Armor,91,name,スィリヌイショルク
Armor,91,description,"自らの力を最大限に発揮させ
あらゆる攻撃を受け止める強靭な糸で作られた服"
Helm,0,name,レザーヘルム
Helm,0,description,"革製の兜。
頭部のみを覆うタイプ"
Helm,1,name,アーメットヘルム
Helm,1,description,"頭部、顔全体を覆う鉄製の兜。
いわゆる騎士の鎧の置物でよく見られる"
Helm,2,name,アイアンサレット
Helm,2,description,"鉄製の兜。
顔下半分のみを露出する型"
Helm,3,name,クロスヘルム
Helm,3,description,"アーメットヘルムの類型。
機能的に洗練されている"
Helm,4,name,デュエルヘルム
Helm,4,description,"英雄と謳われた戦士に贈られていた兜。
決闘用として、闘技場などで愛用される"
Helm,5,name,ブレイブヘルム
Helm,5,description,奮った勇気を力に変える気合の兜
Helm,6,name,グロリアスヘルム
Helm,6,description,"白き光彩を放つ兜。
装備したものに栄光を呼ぶと言われている"
Helm,7,name,ナイトヘルム
Helm,7,description,"選ばれた騎士にのみ支給される兜。
形はいわゆるフルフェイス"
Helm,8,name,ジェネラルヘルム
Helm,8,description,"豪華な装飾がなされた兜。
その威厳はジェネラルと呼ばれるにふさわしい"
Helm,9,name,シルバーヘルム
Helm,9,description,"豪華で品のある作りの銀製の兜。
しばしば式典などで使われる"
Helm,10,name,ゴシックヘルム
Helm,10,description,騎士の兜の基礎とまでいわれる歴史のある品
Helm,11,name,ルーンヘルム
Helm,11,description,"特殊な術式を施し強化した兜。
生半可な攻撃では、傷をつけることすら困難"
Helm,12,name,セイクリッドヘルム
Helm,12,description,"丸型で頭部をすっぽりと覆う兜。
神々しさを感じさせる装飾が施されている"
Helm,13,name,ナイトメアヘルム
Helm,13,description,"鬼神のごとく戦い続ける戦士が
使用していたという曰くつきの兜。不吉！"
Helm,14,name,ミスリルヘルム
Helm,14,description,"「失われた金属」をもちいた兜。
軽くて丈夫、まさに理想的な品"
Helm,15,name,骸骨の仮面
Helm,15,description,"悲しき運命を辿り、裏切り者の名を
背負った少年が被っていたという仮面"
Helm,16,name,ゴールデンヘルム
Helm,16,description,"おとぎ話で英雄が着用したとされる黄金の兜。
けっこう重い"
Helm,17,name,ハイパーヘルム
Helm,17,description,"すべてを超える最強の兜と謳われていたが
後進にその道を譲った歴史ある兜"
Helm,18,name,ゲオネスコリィ
Helm,18,description,"選ばれし勇者のみが着用を許される最強の兜。
何人も傷をつけること敵わず"
Helm,19,name,クルイローシュレム
Helm,19,description,"左右に翼をあしらった兜。
戦乙女の加護がある。絶対に負けない！"
Helm,20,name,カチューシャ
Helm,20,description,"ごく普通の髪どめ。
女性のおしゃれに用いられたりする"
Helm,21,name,サークレット
Helm,21,description,"木製のサークレット。
質素な作りだが、極わずかに魔力が宿っている"
Helm,22,name,アイアンサークレット
Helm,22,description,"鉄製のサークレット。
魔法がかかっており、魔力を増幅させる力がある"
Helm,23,name,オリエンタルクレスト
Helm,23,description,"異国情緒漂う髪飾り。
アシハラの様々な行事で活躍する"
Helm,24,name,ブロンズサークレット
Helm,24,description,"青銅製のサークレット。
安物だがそれなりに集中力を高める効果がある"
Helm,25,name,ブレイブサークレット
Helm,25,description,"勇気を与えてくれるサークレット。
少々重く、か弱い女性はふらついてしまう"
Helm,26,name,ライトサークレット
Helm,26,description,"光の加護を受けているサークレット。
見た目以上に高性能。あくまで見た目以上"
Helm,27,name,ジュエルサークレット
Helm,27,description,"宝石を中心にあしらえたサークレット。
身につけると集中力が増すという"
Helm,28,name,シルバーサークレット
Helm,28,description,"銀製のサークレット。
魔法との相性がよく魔法面への効果が高い"
Helm,29,name,ゴシックサークレット
Helm,29,description,古き時代より伝わる製法で作られたサークレット
Helm,30,name,ルーンサークレット
Helm,30,description,"特殊な術式を施し強化したサークレット。
魔法面だけでなく防御面でも優秀"
Helm,31,name,プラチナサークレット
Helm,31,description,"プラチナ製のサークレット。
その輝きに見合った性能を持つ"
Helm,32,name,ミラージュクレスト
Helm,32,description,"装着した者の幻影を生み出すと
いわれている髪飾り。光耐性を持っている"
Helm,33,name,ミスリルサークレット
Helm,33,description,"「失われた金属」を用いた古代のサークレット。
その実力は折り紙つき"
Helm,34,name,ねこのカチューシャ
Helm,34,description,"猫のアップリケがついたかわいいカチューシャ。
とってもラブリーにゃ～"
Helm,35,name,ヘッドドレス
Helm,35,description,"絹の折り目がとってもキュート。
思わずご主人様って言いたくなっちゃう？"
Helm,36,name,スターサークレット
Helm,36,description,星の輝きを携えたサークレット
Helm,37,name,エクリプスサークル
Helm,37,description,"皆既日食を思わせる深い闇を携えた宝石を
あしらった髪飾り"
Helm,38,name,エレメンタルクレスト
Helm,38,description,"地水火風雷の加護を受けた紋章。
地、水、火、風、雷の耐性を持っている"
Helm,39,name,プルムサナーティオ
Helm,39,description,"多くの人を救えるほどの癒しの力を持つ。
純粋な祈りは癒しをもたらす"
Helm,40,name,サガカペル
Helm,40,description,"数多の術式が施されたサークレット。
装着者は全知全能の力を得られるという"
Helm,41,name,ニット帽
Helm,41,description,"ごく普通のニット帽。
防御力を期待するものではない"
Helm,42,name,ベレット
Helm,42,description,"暑さや寒さよけに被る帽子。
身なりを整える時にも使われる"
Helm,43,name,ファインベレット
Helm,43,description,"作りの良い帽子。
職人の間でもなかなかの仕事と評判"
Helm,44,name,ラウンドベレット
Helm,44,description,"丸いベレット。
風で飛ばされて谷に落としたりしないように注意"
Helm,45,name,ナイトキャップ
Helm,45,description,"水玉模様がファンシーな帽子。
ぐっすり眠れると愛用者からの評判も上々"
Helm,46,name,フェザーハット
Helm,46,description,"羽毛を編んで作られた帽子。
風耐性を持っている"
Helm,47,name,ハンティングベレット
Helm,47,description,"狩猟時に使用される形状の帽子。
実際ズレにくく、機敏な動きにも対応"
Helm,48,name,シルクハット
Helm,48,description,"絹を編んで作られた帽子。
その肌触りは、極上のひとときを与えてくれる"
Helm,49,name,シルバーハット
Helm,49,description,"銀の刺繍が施された帽子。
見た目以上の防御力を誇る"
Helm,50,name,キャプテンハット
Helm,50,description,"海賊の船長が愛用している帽子。
思わず針路を叫びたくなってしまう"
Helm,51,name,グリーンベレー
Helm,51,description,"羽根がついた緑色の帽子。
素早く動けるような気分になるとか"
Helm,52,name,ルーンベレット
Helm,52,description,"特殊な術式を施し強化した帽子。
強化防御魔法の恩恵を受けている"
Helm,53,name,シャープカ
Helm,53,description,"ふかふかの帽子。
寒いところで重宝する。これはありがたい"
Helm,54,name,ウィザードハット
Helm,54,description,"魔術師がよく被っている帽子。
魔力の影響で見た目以上に防御力がある"
Helm,55,name,カウボーイハット
Helm,55,description,"伝説のカウボーイが愛用していたという帽子。
タンブル・ウィードは名脇役"
Helm,56,name,スターベレット
Helm,56,description,"星の模様がかわいらしい帽子。
そのかわいさとは裏腹に術防御力は高い"
Helm,57,name,アイフリードハット
Helm,57,description,"伝説の海賊が愛用していたという帽子。
水と風耐性を持っている"
Helm,58,name,デモンズキャップ
Helm,58,description,"悪魔の角をモチーフにした帽子。
強い闇耐性を持っている"
Helm,59,name,ブレッザカッペッロ
Helm,59,description,"風のように軽い帽子。
しかしその防御力は人知を遥かに凌駕する"
Helm,60,name,フィンスタニスフート
Helm,60,description,"深すぎる闇を携えた帽子。
あまりにも深すぎるため、その力は計り知れない"
Helm,61,name,リボン
Helm,61,description,"思わず愛でたくなるくらいかわいいリボン。
頭につければ、あらキュート"
Helm,62,name,チェックリボン
Helm,62,description,"チェック柄がかわいいリボン。
戦闘中もオシャレでありたい人のために"
Helm,63,name,ブルーリボン
Helm,63,description,"涼しげな青が美しいリボン。
水耐性を持っている"
Helm,64,name,かんざし
Helm,64,description,"髪の毛の結い目に差し込んで使用する髪どめ。
大和撫子の必需品"
Helm,65,name,グリーンリボン
Helm,65,description,"爽やかな緑色が心を軽やかにしてくれるリボン。
風耐性を持っている"
Helm,66,name,レッドリボン
Helm,66,description,"炎のような赤色をしたリボン。
火耐性を持っている"
Helm,67,name,パープルリボン
Helm,67,description,"艶やかな紫色が気品をプラスしてくれるリボン。
雷耐性を持っている"
Helm,68,name,オレンジリボン
Helm,68,description,"瑞々しい橙色がみんなに元気を与えるリボン。
地耐性を持っている"
Helm,69,name,ブラックリボン
Helm,69,description,"シックだけど派手すぎない飾りつきのリボン。
闇耐性を持っている"
Helm,70,name,ホワイトリボン
Helm,70,description,"純白の羽がついたリボン。
光耐性を持っている"
Helm,71,name,エンシェントクロース
Helm,71,description,"太古の昔より伝わる魔法物質。
光と闇耐性を持っている"
Helm,72,name,プリティリボン
Helm,72,description,"とにかく可愛らしいリボン。どんな女性も
着けるだけで少女時代を思い出す"
Helm,73,name,ウィアードリボン
Helm,73,description,"子どもに大人気のとってもかわいいリボン。
みんなに幸せと笑顔を"
Helm,74,name,マジカルリボン
Helm,74,description,"かなり強力な防御魔法がかけられている
魔法のリボン"
Helm,75,name,エレメンタルリボン
Helm,75,description,"地水火風雷の加護を受けたリボン。
地、水、火、風、雷の耐性を持っている"
Helm,76,name,アンティコナストロ
Helm,76,description,"はるか昔から飾る者の身を守ってきたリボン。
不思議な力により、劣化しない"
Helm,77,name,ガナールシンタ
Helm,77,description,"勝利の女神が戦場に赴く際に着用したリボン。
どんな困難にも立ち向かう勇気を"
Acc,0,name,ポイズンチャーム
Acc,0,description,"毒状態を50％の確率で防止する
強き祈りが込められしお守り"
Acc,1,name,ポイズンチェック
Acc,1,description,"毒状態を防止する天の加護を受けしお守り。
備えあれば憂いなし"
Acc,2,name,ウィークチャーム
Acc,2,description,"衰弱状態を50％の確率で防止する
強き祈りが込められしお守り"
Acc,3,name,ウィークチェック
Acc,3,description,"衰弱状態を防止する天の加護を受けしお守り。
跳ぶ前に見よ"
Acc,4,name,パラライチャーム
Acc,4,description,"麻痺状態を50％の確率で防止する
強き祈りが込められしお守り"
Acc,5,name,パラライチェック
Acc,5,description,"麻痺状態を防止する天の加護を受けしお守り。
予防は治療に勝る"
Acc,6,name,フィアーチャーム
Acc,6,description,"恐怖状態を50％の確率で防止する
強き祈りが込められしお守り"
Acc,7,name,フィアーチェック
Acc,7,description,"恐怖状態を防止する天の加護を受けしお守り。
転ばぬ先の杖"
Acc,8,name,ストーンチャーム
Acc,8,description,"石化状態を50％の確率で防止する
強き祈りが込められしお守り"
Acc,9,name,ストーンチェック
Acc,9,description,"石化状態を防止する天の加護を受けしお守り。
遠慮なければ近憂あり"
Acc,10,name,ピヨハン
Acc,10,description,"ヒヨコの祈りが込められ、気絶時間が半減する
お守り。純粋な祈りゆえの力なり"
Acc,11,name,ピヨノン
Acc,11,description,"ヒヨコの加護を受け、気絶しなくなるお守り。
小さくてもその力、侮るなかれ"
Acc,12,name,アミュレット
Acc,12,description,"状態異常を50％の確率で防止する
強き祈りが込められしお守り"
Acc,13,name,ブルーアミュレット
Acc,13,description,"あらゆる状態異常を完全防御してくれる
天の加護を受けし希少なお守り"
Acc,14,name,ローレル
Acc,14,description,"あらゆる状態変化を50％の確率で防止する
強き祈りが込められしお守り"
Acc,15,name,ブルーローレル
Acc,15,description,"あらゆる状態変化を完全防御してくれる
天の加護を受けし希少なお守り"
Acc,16,name,ワールドチェック
Acc,16,description,"状態異常・変化を50％の確率で防止
気絶時間を半減する祈りが込められたお守り"
Acc,17,name,クローナシンボル
Acc,17,description,"あらゆる状態異常・変化・気絶を完全防御する
天の加護を受けし希少なお守り"
Acc,18,name,フレアマント
Acc,18,description,"火の力が宿りしマント。
火属性の耐性を1段階上昇"
Acc,19,name,ガーネット
Acc,19,description,"強き火の力が宿りし宝石。
火属性の耐性を2段階上昇"
Acc,20,name,アクアマント
Acc,20,description,"水の力が宿りしマント。
水属性の耐性を1段階上昇"
Acc,21,name,アクアマリン
Acc,21,description,"強き水の力が宿りし宝石。
水属性の耐性を2段階上昇"
Acc,22,name,アースマント
Acc,22,description,"地の力が宿りしマント。
地属性の耐性を1段階上昇"
Acc,23,name,ルビー
Acc,23,description,"強き地の力が宿りし宝石。
地属性の耐性を2段階上昇"
Acc,24,name,ウィンドマント
Acc,24,description,"風の力が宿りしマント。
風属性の耐性を1段階上昇"
Acc,25,name,オパール
Acc,25,description,"強き風の力が宿りし宝石。
風属性の耐性を2段階上昇"
Acc,26,name,サンダーマント
Acc,26,description,"雷の力が宿りしマント。
雷属性の耐性を1段階上昇"
Acc,27,name,サードニクス
Acc,27,description,"強き雷の力が宿りし宝石。
雷属性の耐性を2段階上昇"
Acc,28,name,ライトマント
Acc,28,description,"光の力が宿りしマント。
光属性の耐性を1段階上昇"
Acc,29,name,トパーズ
Acc,29,description,"強き光の力が宿りし宝石。
光属性の耐性を2段階上昇"
Acc,30,name,ダークマント
Acc,30,description,"闇の力が宿りしマント。
闇属性の耐性を1段階上昇"
Acc,31,name,アメジスト
Acc,31,description,"強き闇の力が宿りし宝石。
闇属性の耐性を2段階上昇"
Acc,32,name,ブラックオニキス
Acc,32,description,"心身のバランスを良い状態に保つとされる宝石。
最大HP30％上昇"
Acc,33,name,ムーンクリスタル
Acc,33,description,"感受性を豊かにする力がある宝石。
最大TP30％上昇"
Acc,34,name,アレキサンドライト
Acc,34,description,"迷いを振り払ってくれるという宝石。
最大HP・最大TP25％上昇"
Acc,35,name,ラビットシンボル
Acc,35,description,"冒険の無事を祈って身につけるお守り。
幸運が1段階上昇"
Acc,36,name,ターコイズ
Acc,36,description,"古くからお守りとして重宝されていた宝石。
幸運が3段階上昇"
Acc,37,name,アタックリング
Acc,37,description,"力を秘めし指輪。
基本物攻と基本術攻が5％上昇"
Acc,38,name,フィートシンボル
Acc,38,description,"偉大な戦士の紋章。
基本物攻が10％上昇"
Acc,39,name,タリスマン
Acc,39,description,"基本物防が5％上昇。
基本値が高ければ高いほど効果的"
Acc,40,name,ブルータリスマン
Acc,40,description,"より防御能力を高める蒼い宝石のお守り。
基本物防が10％上昇"
Acc,41,name,イエロータリスマン
Acc,41,description,"術への抵抗を高める黄色い宝石のお守り。
基本術防が10％上昇"
Acc,42,name,マジックミスト
Acc,42,description,"煙を封じた水晶球。
逃走速度が速くなる"
Acc,43,name,リスキーリング
Acc,43,description,"物防と術防が大幅にダウンするが
全ての術技の消費TPが1になる"
Acc,44,name,バルバトスリング
Acc,44,description,"基本物攻が大幅に上昇する代わりに
アイテムが使用できなくなる指輪"
Acc,45,name,デモンズリング
Acc,45,description,"全ステータス大幅増加。ただし
敵の攻撃を受けると一定確率で戦闘不能になる"
Acc,46,name,ダイス
Acc,46,description,"動物の化石を削って作られたダイス。
装備時の獲得GRADEが10％増加する"
Acc,47,name,ブルーダイス
Acc,47,description,"アクアサファイア製のダイス。
装備時の獲得GRADEが20％増加する"
Material,0,name,ビーフ
Material,0,description,"脂の入り具合が抜群の牛肉。
そのうまみは丹精込めて育てられた証"
Material,1,name,ポーク
Material,1,description,"柔らかく良質な豚肉。
調理法が豊富で、色々な味わいが楽しめる"
Material,2,name,チキン
Material,2,description,"放し飼いで育てられた鶏肉。
さっぱりとした味わいが愛されている"
Material,3,name,タマゴ
Material,3,description,"様々な料理に用いられる万能食材。
うっかり割らないように注意しよう"
Material,4,name,マグロ
Material,4,description,"生でも食べられるほど新鮮。
赤身からトロまで、様々なうまみが楽しめる"
Material,5,name,サーモン
Material,5,description,"身や、たまごはライスとの相性抜群。
こう見えても白身魚"
Material,6,name,サバ
Material,6,description,"煮ても焼いてもおいしい鮮度が命の魚。
生き腐れには要注意だ"
Material,7,name,エビ
Material,7,description,"硬い殻の下には、ぷりっぷりの
甘みたっぷり柔らかい身が隠れている"
Material,8,name,イカ
Material,8,description,"ほぼ全身食べられる優秀な食材。
獲れたては透き通るような色をしている"
Material,9,name,コンブ
Material,9,description,"うまみとミネラルが豊富な海草。
様々な加工もされる愛されし食材"
Material,10,name,のり
Material,10,description,"海草をすき、乾燥させて作られた板状ののり。
ライスとの相性はまさに究極"
Material,11,name,ふな
Material,11,description,"独特の臭みがある魚。
アシハラ付近で獲れるも数は減少気味のため貴重"
Material,12,name,タマネギ
Material,12,description,"刻むと涙が出ることもある。
場合によっては誤解されることもあるので注意"
Material,13,name,ポテト
Material,13,description,"おかずだけではなく、主食としても使われ、
世界中の人から愛されている食材"
Material,14,name,ニンジン
Material,14,description,"生で食べても火を通しても楽しめる
定番野菜のひとつ。甘みたっぷり"
Material,15,name,トマト
Material,15,description,"完熟し、うまみも甘みも最高のトマト。
冷やして食べても絶品"
Material,16,name,トウフ
Material,16,description,"畑の肉と言われる大豆を原料とする加工食品。
やわらかい食感が魅力"
Material,17,name,キノコ
Material,17,description,"鍋に入れても、火であぶっても美味。
種類によっては毒があるので要注意"
Material,18,name,レタス
Material,18,description,"サラダのためのサラダによるサラダの野菜。
これぞまさにキング・オブ・サラダ"
Material,19,name,キャベツ
Material,19,description,"生、煮る、焼く、炒める、漬ける…
時には主役、時には脇役になるニクいやつ"
Material,20,name,ハクサイ
Material,20,description,"鍋には欠かせない主役級の野菜。
炒めたり、漬けてもおいしい"
Material,21,name,ネギ
Material,21,description,"薬味として用いられることが多い野菜。
食べ物なので、持って振り回すのは厳禁"
Material,22,name,ニンニク
Material,22,description,"匂いが強くても、その香りは食欲をそそる。
疲労回復にも効果がある"
Material,23,name,ダイコン
Material,23,description,"料理の主役や、脇役にもなる。
芸の下手な役者のたとえに使われたりもする"
Material,24,name,イチゴ
Material,24,description,"お菓子に大活躍の定番果実。
加工しても、そのままでも甘くておいしい"
Material,25,name,バナナ
Material,25,description,"地域によっては料理に使われることもある。
バナナはおやつに入りません"
Material,26,name,リンゴ
Material,26,description,"シャキっとした歯ごたえが魅力の
甘みと酸味のバランスの取れた果物"
Material,27,name,ピーチ
Material,27,description,"甘くて柔らかくてジューシーな果物。
ほのかな香りが食欲をそそる"
Material,28,name,チョコレート
Material,28,description,"料理の隠し味にも使われるお菓子。
甘いのから苦いのまで種類は様々"
Material,29,name,ライス
Material,29,description,"どんな食材にも合う万能主食。
炊きあがりはふっくらつやつや"
Material,30,name,パン
Material,30,description,"モチモッチン粉から作られた主食のひとつ。
焼きたての香りがたまらない"
Material,31,name,モチモッチン粉
Material,31,description,"モチリンヌ麦から作られた粉。
パスタやパンなどの原料にもなっている万能食材"
Material,32,name,ミルク
Material,32,description,"栄養豊富な牛の乳汁。
お菓子や料理など幅広く使われている"
Material,33,name,チーズ
Material,33,description,"比較的保存の効く食材。様々な種類があり
料理によって使い分けられている"
Material,34,name,塩
Material,34,description,"味付けの定番の調味料。
塩辛くなるので、入れすぎには注意"
Material,35,name,ミソ
Material,35,description,"職人が丹精こめて作った発酵食品。
決して腐っていると言ってはいけない"
Event,0,name,ソーサラーリング
Event,0,description,"小さな炎を撃ち出す不思議な指輪。
冒険の必需品"
Event,1,name,ソーサラーリング改
Event,1,description,"不思議な力により強化された指輪。
撃ち出される炎は威力を増し、より実用的"
Event,2,name,バトルブック
Event,2,description,"戦闘に関する資料を集めたもの。
初心忘るべからず"
Event,3,name,モンスター図鑑
Event,3,description,"いままで戦ってきたモンスターが載っている。
まだ見ぬ敵との出会いが楽しみ！"
Event,4,name,魔物の牙
Event,4,description,"とある魔物の牙。
何故か店で買い取ってもらえる"
Event,5,name,魔物の鱗
Event,5,description,"とある魔物の鱗。
何故か店で買い取ってもらえる"
Event,6,name,魔物の爪
Event,6,description,"とある魔物の爪。
何故か店で買い取ってもらえる"
Event,7,name,魔物の毛皮
Event,7,description,"とある魔物の毛皮。
何故か店で買い取ってもらえる"
Event,8,name,魔物の羽
Event,8,description,"とある魔物の羽。
何故か店で買い取ってもらえる"
Event,9,name,金の商人像
Event,9,description,"「ドウゾー」と名前が彫られた金の像。
１つで素敵な景品と交換できるかも！？"
Event,10,name,銀の商人像
Event,10,description,"「キンゾー」と名前が彫られた銀の像。
質に持っていっても売れそうにない"
Event,11,name,銅の商人像
Event,11,description,"「ギンゾー」と名前が彫られた銅の像。
なにかの仕掛けに関係ある…かも？"
Event,12,name,ツルハシ
Event,12,description,"よく使い込まれた感じのツルハシ。
小さな岩の塊を除去することができる"
Event,13,name,爆弾
Event,13,description,"黒色火薬の危険な香り。
大きな岩を除去することができる"
Event,14,name,船尾の鍵
Event,14,description,船尾の扉を開けるために必要な鍵
Event,15,name,ブローチ
Event,15,description,"レグヌム峠に落ちていた青い石のブローチ。
持ち主は………？"
Event,16,name,手紙
Event,16,description,"「漆黒の翼」の老人から
街に居る「ばあさん」宛てに書かれた手紙"
Event,17,name,花
Event,17,description,"マムートの少女から買った花。
優しい匂いがほのかに香る"
Event,18,name,頼まれた荷物
Event,18,description,"マムートの料理人から頼まれた荷物。
中身はガルポス産の新鮮なフルーツ"
Event,19,name,シーダの手紙
Event,19,description,"サニア村のシーダから
ミュース族の里のクーダへ宛てた手紙"
Event,20,name,シーダへの手紙
Event,20,description,"ミュース族の里のクーダから
サニア村のシーダへ宛てた手紙"
Event,21,name,願いの宝玉【天】
Event,21,description,"ケルム火山で手に入れた宝玉。
楽しい気持ちが詰まっている"
Event,22,name,願いの宝玉【地】
Event,22,description,"レグヌム鍾乳洞で手に入れた宝玉。
悲しい祈りが詰まっている"
Event,23,name,願いの宝玉【人】
Event,23,description,"アシハラ王墓で手に入れた宝玉。
人を思う気持ちが詰まっている"
Event,24,name,バルカンの緋剣
Event,24,description,"フルフィの森で入手した緋色の剣。
バルカンの武器と関係があるようだが…"
Event,25,name,バルカンの蒼剣
Event,25,description,"神待ちの園で入手した蒼色の剣。
バルカンの武器と関係があるようだが…"
Event,26,name,バルカンの翠剣
Event,26,description,"ハルトマンから貰った翠色の剣。
バルカンの武器と関係があるようだが…"
Event,27,name,バルカンの白剣
Event,27,description,"アンジュの兄から貰った白き短剣。
バルカンの武器と関係があるようだが…"
Event,28,name,バルカンの黒剣
Event,28,description,"グリゴリの里で入手した黒き剣。
バルカンの武器と関係があるようだが…"
Event,29,name,バルカンの橙剣
Event,29,description,"テントで見つけた橙色の剣。
バルカンの武器と関係があるようだが…"
Event,30,name,バルカンの虹剣
Event,30,description,"ナーオス基地で入手した虹色の剣。
バルカンの武器と関係があるようだが…"
Event,31,name,バルカンの鴇剣
Event,31,description,"カリュプス鉱山で入手したトキ色の剣。
バルカンの武器と関係があるようだが…"
Event,32,name,紅蓮晶石
Event,32,description,"未知なる力を秘めた真紅の晶石。
限られた者にしか扱えない"
Event,33,name,瑠璃晶石
Event,33,description,"未知なる力を秘めた群青の晶石。
限られた者にしか扱えない"
Event,34,name,翡翠晶石
Event,34,description,"未知なる力を秘めた深緑の晶石。
限られた者にしか扱えない"
Event,35,name,銀星晶石
Event,35,description,"未知なる力を秘めた純銀の晶石。
限られた者にしか扱えない"
Event,36,name,黒辰晶石
Event,36,description,"未知なる力を秘めた漆黒の晶石。
限られた者にしか扱えない"
Event,37,name,琥珀晶石
Event,37,description,"未知なる力を秘めた黄土の晶石。
限られた者にしか扱えない"
Event,38,name,異極晶石
Event,38,description,"未知なる力を秘めた透明の晶石。
限られた者にしか扱えない"
Event,39,name,珊瑚晶石
Event,39,description,"未知なる力を秘めた淡紅の晶石。
限られた者にしか扱えない"
DLC,0,name,ルカ学園風
DLC,0,description,"学園の衣装を着たルカ。
学生になったルカが楽しめます"
DLC,1,name,イリア学園風
DLC,1,description,"学園の衣装を着たイリア。
学生になったイリアが楽しめます"
DLC,2,name,スパーダ学園風
DLC,2,description,"学園の衣装を着たスパーダ。
学生になったスパーダが楽しめます"
DLC,3,name,アンジュ学園風
DLC,3,description,"学園の衣装を着たアンジュ。
学生になったアンジュが楽しめます"
DLC,4,name,リカルド学園風
DLC,4,description,"学園の衣装を着たリカルド。
教師になったリカルドが楽しめます"
DLC,5,name,エルマーナ学園風
DLC,5,description,"学園の衣装を着たエルマーナ。
学生？になったエルマーナが楽しめます"
DLC,6,name,コンウェイ学園風
DLC,6,description,"学園の衣装を着たコンウェイ。
学生になったコンウェイが楽しめます"
DLC,7,name,キュキュ学園風
DLC,7,description,"学園の衣装を着たキュキュ。
学生になったキュキュが楽しめます"
DLC,8,name,ルカ歴代TO風
DLC,8,description,"歴代キャラの衣装を着たルカ。
ジュードになったルカが楽しめます"
DLC,9,name,イリア歴代TO風
DLC,9,description,"歴代キャラの衣装を着たイリア。
ルーティになったイリアが楽しめます"
DLC,10,name,スパーダ歴代TO風
DLC,10,description,"歴代キャラの衣装を着たスパーダ。
ロニになったスパーダが楽しめます"
DLC,11,name,アンジュ歴代TO風
DLC,11,description,"歴代キャラの衣装を着たアンジュ。
ナタリアになったアンジュが楽しめます"
DLC,12,name,リカルド歴代TO風
DLC,12,description,"歴代キャラの衣装を着たリカルド。
ユージーンになったリカルドが楽しめます"
DLC,13,name,エルマーナ歴代TO風
DLC,13,description,"歴代キャラの衣装を着たエルマーナ。
チャットになったエルマーナが楽しめます"
DLC,14,name,コンウェイ歴代TO風
DLC,14,description,"歴代キャラの衣装を着たコンウェイ。
ジェイドになったコンウェイが楽しめます"
DLC,15,name,キュキュ歴代TO風
DLC,15,description,"歴代キャラの衣装を着たキュキュ。
ソフィになったキュキュが楽しめます"
DLC,16,name,ルカアイマス風
DLC,16,description,"アイマス２の衣装を着たルカ。
アイドルになったルカが楽しめます"
DLC,17,name,イリアアイマス風
DLC,17,description,"アイマス２の衣装を着たイリア。
アイドルになったイリアが楽しめます"
DLC,18,name,スパーダアイマス風
DLC,18,description,"アイマス２の衣装を着たスパーダ。
アイドルになったスパーダが楽しめます"
DLC,19,name,アンジュアイマス風
DLC,19,description,"アイマス２の衣装を着たアンジュ。
アイドルになったアンジュが楽しめます"
DLC,20,name,リカルドアイマス風
DLC,20,description,"アイマス２の衣装を着たリカルド。
アイドルになったリカルドが楽しめます"
DLC,21,name,エルマーナアイマス風
DLC,21,description,"アイマス２の衣装を着たエルマーナ。
アイドルになったエルマーナが楽しめます"
DLC,22,name,コンウェイアイマス風
DLC,22,description,"アイマス２の衣装を着たコンウェイ。
アイドルになったコンウェイが楽しめます"
DLC,23,name,キュキュアイマス風
DLC,23,description,"アイマス２の衣装を着たキュキュ。
アイドルになったキュキュが楽しめます"
DLC,24,name,ルカ前世風
DLC,24,description,"前世風の衣装を着たルカ。
アスラになったルカが楽しめます"
DLC,25,name,イリア前世風
DLC,25,description,"前世風の衣装を着たイリア。
イナンナになったイリアが楽しめます"
DLC,26,name,スパーダ前世風
DLC,26,description,"前世風の衣装を着たスパーダ。
デュランダルになったスパーダが楽しめます"
DLC,27,name,アンジュ前世風
DLC,27,description,"前世風の衣装を着たアンジュ。
オリフィエルになったアンジュが楽しめます"
DLC,28,name,リカルド前世風
DLC,28,description,"前世風の衣装を着たリカルド。
ヒュプノスになったリカルドが楽しめます"
DLC,29,name,エルマーナ前世風
DLC,29,description,"前世風の衣装を着たエルマーナ。
ヴリトラになったエルマーナが楽しめます"
DLC,30,name,コンウェイ前世風
DLC,30,description,"前世風の衣装を着たコンウェイ。
ヒンメルになったコンウェイが楽しめます"
DLC,31,name,キュキュ前世風
DLC,31,description,"前世風の衣装を着たキュキュ。
サクヤになったキュキュが楽しめます"
DLC,32,name,ルカお仕事風
DLC,32,description,"仕事の制服を着たルカ。
研修医になったルカが楽しめます"
DLC,33,name,イリアお仕事風
DLC,33,description,"仕事の制服を着たイリア。
女教師になったイリアが楽しめます"
DLC,34,name,スパーダお仕事風
DLC,34,description,"仕事の制服を着たスパーダ。
騎士になったスパーダが楽しめます"
DLC,35,name,アンジュお仕事風
DLC,35,description,"仕事の制服を着たアンジュ。
看護士になったアンジュが楽しめます"
DLC,36,name,リカルドお仕事風
DLC,36,description,"仕事の制服を着たリカルド。
狩人になったリカルドが楽しめます"
DLC,37,name,エルマーナお仕事風
DLC,37,description,"仕事の制服を着たエルマーナ。
シスターになったエルマーナが楽しめます"
DLC,38,name,コンウェイお仕事風
DLC,38,description,"仕事の制服を着たコンウェイ。
暗殺者になったコンウェイが楽しめます"
DLC,39,name,キュキュお仕事風
DLC,39,description,"仕事の制服を着たキュキュ。
女将校になったキュキュが楽しめます"
DLC,40,name,どうぶつみみセット
DLC,40,description,"カワイイ物からカッコイイ物まで。
どうぶつみみの詰め合わせ！"
DLC,41,name,くせっけセット
DLC,41,description,"頭の天辺から伸びた不思議な髪。
魅惑のくせっ毛の詰め合わせ！"
DLC,42,name,メガネセット
DLC,42,description,"これをかけるだけで理知的に？
素敵なメガネの詰め合わせ！"
DLC,43,name,LVアップ+5 (1)
DLC,43,description,"使用すると全員のLVが+5されます。
※上限200"
DLC,44,name,LVアップ+5 (2)
DLC,44,description,"使用すると全員のLVが+5されます。
※上限200"
DLC,45,name,LVアップ+5 (3)
DLC,45,description,"使用すると全員のLVが+5されます。
※上限200"
DLC,46,name,LVアップ+5 (4)
DLC,46,description,"使用すると全員のLVが+5されます。
※上限200"
DLC,47,name,LVアップ+5 (5)
DLC,47,description,"使用すると全員のLVが+5されます。
※上限200"
DLC,48,name,LVアップ+5 (6)
DLC,48,description,"使用すると全員のLVが+5されます。
※上限200"
DLC,49,name,LVアップ+10 (1)
DLC,49,description,"使用すると全員のLVが+10されます。
※上限200"
DLC,50,name,LVアップ+10 (2)
DLC,50,description,"使用すると全員のLVが+10されます。
※上限200"
DLC,51,name,LVアップ+10 (3)
DLC,51,description,"使用すると全員のLVが+10されます。
※上限200"
DLC,52,name,30万ガルド (1)
DLC,52,description,"使用すると所持金が30万ガルド増えます。
※上限9999999"
DLC,53,name,30万ガルド (2)
DLC,53,description,"使用すると所持金が30万ガルド増えます。
※上限9999999"
DLC,54,name,30万ガルド (3)
DLC,54,description,"使用すると所持金が30万ガルド増えます。
※上限9999999"
DLC,55,name,GRADE+200 (1)
DLC,55,description,"使用すると所持GRADEが200増えます。
※上限9999.99"
DLC,56,name,GRADE+200 (2)
DLC,56,description,"使用すると所持GRADEが200増えます。
※上限9999.99"
DLC,57,name,GRADE+200 (3)
DLC,57,description,"使用すると所持GRADEが200増えます。
※上限9999.99"
DLC,58,name,GRADE+500 (1)
DLC,58,description,"使用すると所持GRADEが500増えます。
※上限9999.99"
DLC,59,name,GRADE+500 (2)
DLC,59,description,"使用すると所持GRADEが500増えます。
※上限9999.99"
DLC,60,name,GRADE+500 (3)
DLC,60,description,"使用すると所持GRADEが500増えます。
※上限9999.99"
DLC,61,name,AP+200 (1)
DLC,61,description,"使用すると全員のAPが+200されます。
※上限99999"
DLC,62,name,AP+200 (2)
DLC,62,description,"使用すると全員のAPが+200されます。
※上限99999"
DLC,63,name,AP+200 (3)
DLC,63,description,"使用すると全員のAPが+200されます。
※上限99999"
DLC,64,name,AP+500 (1)
DLC,64,description,"使用すると全員のAPが+500されます。
※上限99999"
DLC,65,name,AP+500 (2)
DLC,65,description,"使用すると全員のAPが+500されます。
※上限99999"
DLC,66,name,AP+500 (3)
DLC,66,description,"使用すると全員のAPが+500されます。
※上限99999"
DLC,67,name,AP+800 (1)
DLC,67,description,"使用すると全員のAPが+800されます。
※上限99999"
DLC,68,name,AP+800 (2)
DLC,68,description,"使用すると全員のAPが+800されます。
※上限99999"
DLC,69,name,AP+800 (3)
DLC,69,description,"使用すると全員のAPが+800されます。
※上限99999"
DLC,70,name,赤薬草セット (1)
DLC,70,description,"効果の大きいハーブのセット。
※最大所持数を超えたアイテムは破棄されます"
DLC,71,name,赤薬草セット (2)
DLC,71,description,"効果の大きいハーブのセット。
※最大所持数を超えたアイテムは破棄されます"
DLC,72,name,赤薬草セット (3)
DLC,72,description,"効果の大きいハーブのセット。
※最大所持数を超えたアイテムは破棄されます"
DLC,73,name,お料理食材セット
DLC,73,description,"序盤に役立つ料理食材のセット。
※最大所持数を超えたアイテムは破棄されます"
DLC,74,name,冒険お役立ちセット
DLC,74,description,"HP・TPや戦闘不能の回復セット。
※最大所持数を超えたアイテムは破棄されます"
DLC,75,name,高級アイテムセット
DLC,75,description,"エリクシール等の高級品セット。
※最大所持数を超えたアイテムは破棄されます"
CodeName,0,name,コンボ初級
CodeName,0,description,"10コンボを達成した者に贈られる称号。
コンボマスターへの道はここから"
CodeName,1,name,コンボ中級
CodeName,1,description,"30コンボを達成した者に贈られる称号。
どんどんコンボを繋げていこう！"
CodeName,2,name,コンボ上級
CodeName,2,description,"60コンボを達成した者に贈られる称号。
ここまで来たなら引き下がれない"
CodeName,3,name,コンボマスター
CodeName,3,description,"100コンボを達成した者に贈られる称号。
圧倒的なまでの連続攻撃。お見事！"
CodeName,4,name,ベルセルク
CodeName,4,description,"より強き敵と激戦を繰り広げてきた者に
与えられる称号。戦いこそが生きがい"
CodeName,5,name,剣士見習い
CodeName,5,description,"剣を振るいはじめた者。
まだまだひよっこ。努力は惜しまない"
CodeName,6,name,剣士
CodeName,6,description,"ようやく一人前と呼ばれる実力。
日々の鍛練をおこたるべからず"
CodeName,7,name,達人剣士
CodeName,7,description,"剣の扱いに長けた者。
達人と呼ばれるのだから弟子も取れる"
CodeName,8,name,剣聖
CodeName,8,description,"剣を極めた者に与えられる称号。
その剣捌きは芸術。凄まじく美しい軌跡を描く"
CodeName,9,name,闘技場の覇者
CodeName,9,description,"闘技場を制した者に贈られる称号。
歴史に名を残す偉業"
CodeName,10,name,料理の申し子
CodeName,10,description,"料理を極めた者に贈られる称号。
その味はどこまでも繊細。料理界期待の新人"
CodeName,11,name,海の王子様
CodeName,11,description,"王子様なので泳いだりはしない。
カナヅチでもない。だから背中を押さないで"
CodeName,12,name,天を統べし覇王
CodeName,12,description,"前世への思いに、ひとつの答えを見出した者。
僕は僕。アスラはアスラ"
CodeName,13,name,商家の息子
CodeName,13,description,"ミルダ商会のひとり息子。
勉強は好きだけど、運動は苦手なシャイボーイ"
CodeName,14,name,パジャマボーイ
CodeName,14,description,"うっかり寝坊し、やらかしかけた少年。
急いでいても、ちゃんと着替えよう"
CodeName,15,name,猛将の転生者
CodeName,15,description,"前世はセンサスの猛将アスラ。
名に相応しき力を得るのは、まだまだ先…？"
CodeName,16,name,忘れ物少年
CodeName,16,description,"誰だって、忘れ物をすることはあるが
それも時と場合。忘れ物には注意！"
CodeName,17,name,おたんこルカ
CodeName,17,description,"それは「一緒に行く」ことを決意した少年に
贈られた名"
CodeName,18,name,愛されし少年
CodeName,18,description,"親は子を思い、子は親を思う。
息子の無事を信じ、いつでも帰りを待っている"
CodeName,19,name,恋に悩める少年
CodeName,19,description,"想い人の一挙一動に心揺さぶられ、
見えぬ心に甘い悩みを抱く"
CodeName,20,name,真面目な調査人
CodeName,20,description,"言われたことをきちんとこなす。
彼がいれば、調査はバッチリ"
CodeName,21,name,枯れた趣味？
CodeName,21,description,"わびさびを理解する心、枯れていても立派な趣味
僕、お墓に入りたいんです！"
CodeName,22,name,ムッツリ少年
CodeName,22,description,"秘密の花園の様子が気になるのは仕方ない。
だって男の子だもの！"
CodeName,23,name,会員番号０００１
CodeName,23,description,"イリアファンクラブの会員。
そして、なぜか幹部になってしまった"
CodeName,24,name,アスラ将軍
CodeName,24,description,"アスラ将軍変身セットを持つ者の称号。
これで君もアスラ将軍だ！"
CodeName,25,name,許した少年
CodeName,25,description,"慈悲の心を持つ者に与えられし称号。
犯した罪を後悔せし者の心を彼は救う"
CodeName,26,name,自由のない少年
CodeName,26,description,"自由な時間を自由に満喫できなかった少年。
しかし、後悔はしていない"
CodeName,27,name,頼りなさげなナイト様
CodeName,27,description,"ちょっと頼りなくたって、心は彼女のナイト様。
どんなときも必ず守り通します"
CodeName,28,name,博識少年
CodeName,28,description,"難問のクイズを解いた者に贈られる称号。
その頭の良さは、賞賛に値する"
CodeName,29,name,帰ってきた少年
CodeName,29,description,"絆を結んだ仲間たちのもとへ帰った者。
温かく迎えてくれた仲間に感謝を"
CodeName,30,name,メガネに魅了されし者
CodeName,30,description,"メガネに宿りし強大な力に飲み込まれた者。
その力の根源は魔か、闇か"
CodeName,31,name,魔法少女
CodeName,31,description,"魔法の力で世界を救う少女。
少女じゃないとかそんなことはどうでもいい話"
CodeName,32,name,お約束の人
CodeName,32,description,"注意されたのに、なぜかやらかしてしまった者。
この不思議な現象は一体……"
CodeName,33,name,トロといっしょ
CodeName,33,description,"とっても愛らしい白猫のぬいぐるみ。
中トロが大好物"
CodeName,34,name,見習いガンナー
CodeName,34,description,"銃の扱いがままならない者。
毎日の訓練はかかせません"
CodeName,35,name,ガンナー
CodeName,35,description,"グリップ、フレーム、マズルフラッシュ。
銃の知識もだいぶ身についてきた"
CodeName,36,name,凄腕ガンナー
CodeName,36,description,"銃を持つ者の間で有名になった少女。
その名はいつか世界に轟く！"
CodeName,37,name,伝説のガンナー
CodeName,37,description,"百発百中の腕前を持つ者に与えられる称号。
この世に撃ち抜けぬものなどはない"
CodeName,38,name,覇権を握りし女帝
CodeName,38,description,"闘技場を制した者の称号。
これで闘技場の運営も彼女の思いのまま？"
CodeName,39,name,厨房の女王
CodeName,39,description,"料理を極めた者に贈られる称号。
しかし、気まぐれなので味の保証はできない"
CodeName,40,name,ビーチガール
CodeName,40,description,"海が大好きな少女に贈られる称号。
日焼け対策なんてしない！　後悔はする"
CodeName,41,name,豊穣の女神
CodeName,41,description,"イナンナは嫌いだけど、その思いには共感。
あなたの思いは無駄にしない"
CodeName,42,name,豊穣の女神の転生者
CodeName,42,description,"前世はイナンナ。しかし当の本人は
おしとやかさの欠片もない"
CodeName,43,name,チトセ嫌い
CodeName,43,description,"顔を合わせば険悪な雰囲気に。
ふたりが仲良く出来る日は来るのだろうか？"
CodeName,44,name,似た者飼い主
CodeName,44,description,"ペットが無茶苦茶なら飼い主も無茶苦茶。
果たして、どちらが似たのだろうか"
CodeName,45,name,村長の娘
CodeName,45,description,"こう見えても、サニア村の村長の娘。
でも、決して偉くはない"
CodeName,46,name,ロマンスブレイカー
CodeName,46,description,"現実的な話で、ことごとくロマンスを壊す少女。
それはまさにリアリスト"
CodeName,47,name,欲望に正直者
CodeName,47,description,"欲望に正直な女性に与えられる称号。
その猪突猛進ぶりには感嘆の一言"
CodeName,48,name,うるさい少女
CodeName,48,description,"時には些細なことでイライラしちゃう。
だって女の子だもん！"
CodeName,49,name,人違い
CodeName,49,description,"たとえ本人が目の前にいなくとも、
チトセと間違われるのは不愉快なの"
CodeName,50,name,サボリ魔
CodeName,50,description,"拳銃は持てても、ナイフとフォークより
重いものは持てません"
CodeName,51,name,世界を滅ぼした者？
CodeName,51,description,"チトセの言うことなんて信じない！
でも、嫌な感じは拭えない…"
CodeName,52,name,絶望少女
CodeName,52,description,"将来性が絶望的な少女。
でも、きっと成長すると信じている！"
CodeName,53,name,バッドガール
CodeName,53,description,"色んな意味でバッドな少女。
がさつで男勝りな悪魔っ子"
CodeName,54,name,ファンクラブ会長
CodeName,54,description,"チトセファンクラブに対抗して結成。
会員１０００人を目指す！　文句ある？"
CodeName,55,name,エンジョイ少女
CodeName,55,description,"どんなときだって、人生は楽しんでこそ！
それが生きているということ"
CodeName,56,name,自由な少女
CodeName,56,description,"自由という名に相応しい少女。
我が道を行く彼女を縛るものはなにもない"
CodeName,57,name,女学生
CodeName,57,description,"彼女には学校の制服より学校の征服が似合う。
夢は校長ですから"
CodeName,58,name,ミラクルガール
CodeName,58,description,"一発で特賞を当ててしまう程の強運の持ち主。
運も実力の内。実力も運の内？"
CodeName,59,name,待っていた少女
CodeName,59,description,"「ルカ」を待っていた少女。
嬉しいなんて言わない。おかえり、おたんこルカ"
CodeName,60,name,魔弾の射手
CodeName,60,description,"肩の力を抜くことが大事なポイントだった。
もう獲物は逃さない！"
CodeName,61,name,メッセンジャー
CodeName,61,description,"手紙ではなく言葉の配達人。
言葉なら、食べられる心配はない！"
CodeName,62,name,若き騎士
CodeName,62,description,"若さ溢れる精神を持つ者。
やんちゃで無鉄砲。オレが正義だ！"
CodeName,63,name,騎士
CodeName,63,description,"自分のことで手一杯だったけど、
他人を思いやる気持ちがわいてきた"
CodeName,64,name,熟練騎士
CodeName,64,description,"酸いも甘いもかみ分けた者。
正義、守ること…今それがわかりつつある"
CodeName,65,name,聖騎士
CodeName,65,description,"ノブレス・オブリージュの精神を持つ者。
どんな敵からも守り通してみせる！"
CodeName,66,name,王者
CodeName,66,description,"闘技場を制した者の称号。兄たちも
手のひらを返す。見たか！　オレの実力！"
CodeName,67,name,不良コック
CodeName,67,description,"料理を極めた者に贈られる称号。
不良にしか見えないが腕は超一流"
CodeName,68,name,スケベ大魔王
CodeName,68,description,"大魔王クラスのスケベェが冠する称号。
楽園がそこにある！"
CodeName,69,name,終結へと導きし聖剣
CodeName,69,description,"デュランダルから力を授かった者。
彼とその聖剣の魂は、常に共にある"
CodeName,70,name,不良少年
CodeName,70,description,"レグヌムでは知らない人はいないガキ大将。
若い内しかやんちゃはできない"
CodeName,71,name,聖剣の転生者
CodeName,71,description,"前世は聖剣デュランダル。
鍛えられた剣術の腕は、なかなかのもの"
CodeName,72,name,ジャンケンマスター
CodeName,72,description,"ジャンケンマスターを倒した者の称号。
この偉業がきっとなにかの役に立つ？"
CodeName,73,name,お坊ちゃま
CodeName,73,description,"ベルフォルマ家の子息。
決して隠していたわけではない"
CodeName,74,name,恋の行く先心配人
CodeName,74,description,"ダチの恋の行く先を案ずる者。
自分のことより他人のこと。友達思い"
CodeName,75,name,気品溢れる貴族
CodeName,75,description,"普段は不良、しかしその実態は名門貴族。
本気を出せば気品溢れんばかり"
CodeName,76,name,隠れ家の元主
CodeName,76,description,"子どもなら誰もが作った秘密基地。
今ではすっかり様変わり。ちょっぴり複雑"
CodeName,77,name,サボリ魔
CodeName,77,description,"文字は読めても本を読む気はない。
勉強なんて大嫌い。サボるの大好き"
CodeName,78,name,インチキコイン
CodeName,78,description,"気を利かせてインチキした者。
これもダチの恋のため"
CodeName,79,name,連打マスター
CodeName,79,description,"連打マスターを倒した者の称号。
名人と呼ばれるにふさわしい連打の腕前"
CodeName,80,name,バルカンの息子
CodeName,80,description,"多くの者を活かすためにと、生み出された者。
その願いの結末は……"
CodeName,81,name,スケベ貴族
CodeName,81,description,"花たちの声に耳を傾けし者。
理性よりも本能。それが漢の生き様"
CodeName,82,name,ヘンな帽子
CodeName,82,description,"「ヘンな帽子」はキュキュの友達の証。
最初は気に食わなかったけど悪くない"
CodeName,83,name,街角の大怪盗
CodeName,83,description,"弱きを助け強きを挫く
世紀の大怪盗「漆黒の翼」を継ぎし者"
CodeName,84,name,会員番号０００２
CodeName,84,description,"イリアファンクラブの会員。
気がつけば無条件で会員に…"
CodeName,85,name,仲間思い
CodeName,85,description,"悩んでいるなら、共に悩み解決したい…。
そんな仲間思いに贈られる称号"
CodeName,86,name,自由な貴族
CodeName,86,description,"自由に振り回され、散財した者。
アンジュの食欲には敵わなかった…"
CodeName,87,name,石取りマスター
CodeName,87,description,"石取りマスターを倒した者の称号。
勉強は不得意でも、頭の回転は速い"
CodeName,88,name,ロストハット
CodeName,88,description,"帽子を風にさらわれてしまった者。
人の印象は見た目に左右されるもの…"
CodeName,89,name,信じる少年
CodeName,89,description,"どんなことがあっても、帰ってくると
信じていた。オレたちの絆は壊れない！"
CodeName,90,name,修道女
CodeName,90,description,"教会に仕える女性。
神のために今日も祈りをささげる"
CodeName,91,name,司祭
CodeName,91,description,"行事を執り行えるくらいの実力者。
そろそろお布施がもらえそう"
CodeName,92,name,司教
CodeName,92,description,"教えを説くことのできる偉い人。
迷える子羊に、救いの道しるべを"
CodeName,93,name,大司教
CodeName,93,description,"大いなる救いをもたらす者に与えられる称号。
この地上に幸あらんことを"
CodeName,94,name,偉大なる功績
CodeName,94,description,"闘技場を制した者の称号。
神に仕える身でありながら、この強さ。すごい"
CodeName,95,name,味の探求者
CodeName,95,description,"料理を極めた者に贈られる称号。
一流の舌を持つ彼女の料理評価は激辛"
CodeName,96,name,砂上の天使
CodeName,96,description,"わがままボディーがまぶしい天使。
砂浜で注目を浴びること必至！"
CodeName,97,name,ヒンメルの教育係
CodeName,97,description,"オリフィエルから力を授かりし者。
この力が世界を救うと信じている"
CodeName,98,name,聖女
CodeName,98,description,"どんな病気や怪我をも治すと言われている女性。
その心はどこまでも慈悲深い"
CodeName,99,name,智将の転生者
CodeName,99,description,"前世は智将オリフィエル。
その物言いは、彼のような卓越した頭脳がある証"
CodeName,100,name,強情な雇い主
CodeName,100,description,"強情といわれようが、自分の信念は曲げない。
それで人が救えるなら、なおさら"
CodeName,101,name,トドメを刺した女性
CodeName,101,description,"いくら相手を理解しようとしても、
名前を覚えないとなにも始まらない…"
CodeName,102,name,お説教メイド
CodeName,102,description,"流されてメイドになってしまった女性。
ご主人様でも容赦はしません！"
CodeName,103,name,すべてを見透かす女性
CodeName,103,description,"慧眼を持つ者に与えられる称号。
サボリはたとえ神が許しても彼女が許さない"
CodeName,104,name,リアリスト
CodeName,104,description,"現実的な話でことを進める。前世は軍師。
目的を達成できればそれでいい"
CodeName,105,name,隠しても意味ない女性
CodeName,105,description,"女の子にデリケートな話題を振ってはいけない。
気にするほどじゃなくてもね！"
CodeName,106,name,大和撫子
CodeName,106,description,"アシハラでは、清楚で美しい女性のことを表す
最上級の褒め言葉"
CodeName,107,name,会員番号０００３
CodeName,107,description,"イリアファンクラブの会員。
気がつけば無条件で会員に…"
CodeName,108,name,ズルい女
CodeName,108,description,"世の女性がすべてそうではないけれど、
世渡りしていく上では重要なのかも"
CodeName,109,name,自由な女性
CodeName,109,description,"気の赴くままに食べ歩いた女性。
彼女のような大食と付き合うには甲斐性が必須"
CodeName,110,name,真贋を見抜く者
CodeName,110,description,"審美眼を持つ者に与えられる称号。
弱者につけこむ商売は言語道断"
CodeName,111,name,背負いし者
CodeName,111,description,"レムレース湿原に漂う魂の声を聞いた者。
彼女が背負うものとは……？"
CodeName,112,name,迎えし女性
CodeName,112,description,"帰りし者を温かく迎えた女性。
帰る場所がある。それはとても幸せなこと"
CodeName,113,name,大食い大会優勝者
CodeName,113,description,"大食い大会で優勝した者に与えられる称号。
彼女の胃袋こそ宇宙だ！"
CodeName,114,name,食の神
CodeName,114,description,"どん底のパンプディング屋を立て直した女性。
そのアドバイスは食の神の代弁"
CodeName,115,name,メガネに愛されし者
CodeName,115,description,"前世の愛弟子からプレゼントを贈られた女性。
伊達メガネなのでくらくらしない"
CodeName,116,name,酒豪
CodeName,116,description,"最後まで立っていた女性に与えられる称号。
とってもおいしいジュースでした♪"
CodeName,117,name,舞踏会の花
CodeName,117,description,"舞踏会で注目の的になった女性。
ダンスは初めてだったけど、上手に踊れました"
CodeName,118,name,狙撃手
CodeName,118,description,"戦場では後方から支援する者。
遠くの標的を狙い撃つ。忍耐力が必要"
CodeName,119,name,ベテラン狙撃手
CodeName,119,description,"硝煙の香りを纏った者。
その命中精度はベテランと呼ばれるにふさわしい"
CodeName,120,name,ウワサの狙撃手
CodeName,120,description,"遠くの標的をいともたやすく撃ち抜く。
無駄弾は一切撃たない。とってもエコ"
CodeName,121,name,狙撃王
CodeName,121,description,"ライフルを極めた者に贈られる称号。
戦場で出会えば死を覚悟するしかない"
CodeName,122,name,最強の傭兵
CodeName,122,description,"闘技場を制した者の称号。
冒険を終えれば熱烈なオファーが待っている"
CodeName,123,name,グルメソルジャー
CodeName,123,description,"料理を極めた者に贈られる称号。
戦場にデリバリーする日も近い"
CodeName,124,name,海の漢
CodeName,124,description,"ビーチのスターに贈られる称号。
くいこみぎみのブーメランに視線が釘付け！"
CodeName,125,name,戦乱を駆ける死神
CodeName,125,description,"ヒュプノスの力を利用する者。
ガキどもを守るためなら死神にだって魂を売る"
CodeName,126,name,傭兵
CodeName,126,description,"戦場を生業とする者。
金額次第で、尻尾を振る相手を変える"
CodeName,127,name,死神の転生者
CodeName,127,description,"前世は死神ヒュプノス。
戦場に身を置くことは運命なのか…"
CodeName,128,name,タダ働きの傭兵
CodeName,128,description,"たとえ自分が不服でも主人の命令は絶対。
タダ働きだって我慢我慢"
CodeName,129,name,居眠り傭兵
CodeName,129,description,"傭兵だってたまにはサボリたくなるもの。
お叱りはキチンと受けます"
CodeName,130,name,ミスターダンディー
CodeName,130,description,"大人の色香漂う魅力的な男性。
年齢を重ねたからこその格好良さ"
CodeName,131,name,兎の耳をつけた狼
CodeName,131,description,"昼間はバニー。夜はウルフ。
そんな面をあわせ持つ者に贈られる称号"
CodeName,132,name,死を纏いし者
CodeName,132,description,"前世で多くの命を絶った者。
刈り取った魂は数え切れない"
CodeName,133,name,あまたの異名を持つ者
CodeName,133,description,"かつて戦場で多くの異名をつけられた者。
若き日の硝煙の臭いを思い出す"
CodeName,134,name,将来はハンター？
CodeName,134,description,"将来はのんびりと暮らしたい。
自給自足、必要以上の狩猟はしない"
CodeName,135,name,誤解されし者
CodeName,135,description,"誤解を生んでしまった男性。
深追いして余計なトラブルに巻き込まれてしまう"
CodeName,136,name,会員番号０００４
CodeName,136,description,"イリアファンクラブの会員。
気がつけば無条件で会員に…"
CodeName,137,name,裏切り者
CodeName,137,description,"仲間を裏切った者。
一度築いた信頼は、脆くも崩れた"
CodeName,138,name,兄思い
CodeName,138,description,"前世の兄を今でも慕っている者。
たとえ姿が変わろうと、その思いは変わらない"
CodeName,139,name,自由な傭兵
CodeName,139,description,"エルマーナのショッピングに付き合った者。
子どものお守りも楽じゃない"
CodeName,140,name,飛行船のパイロット
CodeName,140,description,"最初は疑心暗鬼。今は立派な機長。
それでも高いところは、やっぱり苦手"
CodeName,141,name,黒の護衛
CodeName,141,description,"傭兵の誇りを忘れた者は許さない。
主のピンチに颯爽と登場。護衛の中の護衛"
CodeName,142,name,かぼちゃに執着する者
CodeName,142,description,"かぼちゃの馬車になった者。
唯一の出番がカットされてもめげません"
CodeName,143,name,心配する男
CodeName,143,description,"ガキなんて、心配したって…と思っても
心配するのが大人です"
CodeName,144,name,舞踏会の茨
CodeName,144,description,"どんな時でも陰ながら主を見守る者。
決してストーカーなどではない"
CodeName,145,name,仇を討つ者
CodeName,145,description,"兄の仇を討った者。
その魂は、彼の愛した地上にあり続ける"
CodeName,146,name,ケンカ少女
CodeName,146,description,"ケンカが得意な少女。
子どもたちを守るため、その拳を振るってきた"
CodeName,147,name,接近戦少女
CodeName,147,description,"敵の懐でやりあうのが得意な少女。
接近戦に強い。だからこそ強い。"
CodeName,148,name,格闘少女
CodeName,148,description,"独学ながらそのセンスはキラリと光る。
世界を狙える器。いい右を持ってます"
CodeName,149,name,マスター少女
CodeName,149,description,"格闘術をマスターした者に与えられる称号。
岩をも砕くその拳はまさに凶器"
CodeName,150,name,チャンピオン
CodeName,150,description,"闘技場を制した者の称号。
世界を制した彼女の覇道はまだまだこれから"
CodeName,151,name,子ども料理長
CodeName,151,description,"料理を極めた者に贈られる称号。
子どもだからってなめていると痛い目にあう"
CodeName,152,name,南国少女
CodeName,152,description,"砂浜を駆け回り、海原を遊泳する少女。
気がつけば日が暮れていることも…"
CodeName,153,name,天上界を見届けし龍神
CodeName,153,description,"ヴリトラから力を授かった者に与えられる称号。
ウチも自分が前世で良かったで"
CodeName,154,name,ストリートチルドレン
CodeName,154,description,"路上暮らしをする少女。
お金はなくても仲間はたくさん"
CodeName,155,name,龍神の転生者
CodeName,155,description,"前世は龍神ヴリトラ。
子どもたちを見守る目は、やさしさを携えている"
CodeName,156,name,苦労人
CodeName,156,description,"生きるためには必要だった。
涙なしでは語れない、超絶スキルを持つ者"
CodeName,157,name,居眠り娘
CodeName,157,description,"よだれを垂らしながら眠ってしまった少女。
字ぃ読まれへんから仕方ないねん"
CodeName,158,name,地雷娘
CodeName,158,description,"言ってはいけないことを言ってしまった少女。
口は災いの元"
CodeName,159,name,将来性のある娘
CodeName,159,description,"将来を期待される少女。
心も体もこれから！　素敵な未来が待っている"
CodeName,160,name,正義のヒーロー
CodeName,160,description,"子どもたちを守る為に野盗を退治した者。
家族の為なら、たとえ火の中、水の中"
CodeName,161,name,ゴスロリ少女
CodeName,161,description,"ファッションデザイナーに見出された少女。
モデルの才能あるんちゃう！？"
CodeName,162,name,会員番号０００５
CodeName,162,description,"イリアファンクラブの会員。
気がつけば無条件で会員に…"
CodeName,163,name,犬みたい
CodeName,163,description,"わずかなニオイも逃さない
犬並みの嗅覚を持っている少女"
CodeName,164,name,崇められし者
CodeName,164,description,"前世が土地神として信奉されている少女。
お供え物は果物がええんちゃうかな？"
CodeName,165,name,ルカの保護者
CodeName,165,description,"面倒見のいい少女に与えられる称号。
前世からの縁なんやろか"
CodeName,166,name,自由な娘
CodeName,166,description,"リカルドを引き連れて買い物をした少女。
大人を困らせるのも子どもの仕事"
CodeName,167,name,問題児
CodeName,167,description,"本人にその気はなくても問題を起こす少女。
賑やかにしてくれるので憎めない"
CodeName,168,name,愛されし娘
CodeName,168,description,"たとえ、どれだけの時が流れたとしても
その愛は悠久にありつづける"
CodeName,169,name,子を待つ娘
CodeName,169,description,"きっと帰ってくる。でも無事なんやろか？
そう心配するのが仲間でもあり親です"
CodeName,170,name,シアンの友達
CodeName,170,description,"シアンの友達になった少女。
信じていれば、誰とでも仲間になれる！"
CodeName,171,name,ネコミミ少女
CodeName,171,description,"迷子の白猫を探しあてた者に贈られる称号。
野性的な彼女にはうってつけにゃ～"
CodeName,172,name,マジシャン
CodeName,172,description,"異世界からやってきた術者。
彼の扱う術は、天術とは違うらしい"
CodeName,173,name,ソーサラー
CodeName,173,description,"少しばかり難しい術もなんのその。
女性の場合はソーサレスと呼ばれる"
CodeName,174,name,ウィザード
CodeName,174,description,"より高度な術を扱えるようになった証。
女性の場合はウィッチと呼ばれる"
CodeName,175,name,ワイズマン
CodeName,175,description,"叡智を得た者に与えられる称号。
あらゆる術を自由自在に使いこなす"
CodeName,176,name,ウィズダム
CodeName,176,description,"闘技場を制した者の称号。
この世界に彼を超える術者はいない"
CodeName,177,name,マジカルシェフ
CodeName,177,description,"料理を極めた者に贈られる称号。
本を片手に手際よく作ります。魔法みたい"
CodeName,178,name,ダイバー青年
CodeName,178,description,"イルカと泳いでいそうな青年。
本人は海どころか日焼けをするのも大嫌い"
CodeName,179,name,神の力を授かりし者
CodeName,179,description,"鍛冶の神の力を授かりし者に与えられる称号。
その力は彼になにを望むのか…"
CodeName,180,name,謎の青年
CodeName,180,description,"どこもかしこも謎だらけの青年。
ミステリアスな笑みをたたえ、なにを思う？"
CodeName,181,name,異世界からの来訪者
CodeName,181,description,"異なる世界からやってきた青年。
魂の救済こそが彼の真の目的"
CodeName,182,name,ネコ好き？
CodeName,182,description,"仕方なくネコとたわむれた青年。
Ｍｙネコじゃらしくらい誰でも持ってます"
CodeName,183,name,キャッチボール下手
CodeName,183,description,"本当に下手だったのかどうかは
彼自身にしかわからない"
CodeName,184,name,かばう者
CodeName,184,description,"一方的な論調はよしとしない、
それが彼のイデオロギー"
CodeName,185,name,悪のネコ使い
CodeName,185,description,"黒猫を従えし者の称号。とある小説にでてくる
架空のネコ使いに似てるらしい"
CodeName,186,name,静観する者
CodeName,186,description,"なにもせず物事の成り行きを見守る青年。
深窓…ではなく、深遠を感じる"
CodeName,187,name,学生
CodeName,187,description,"見聞を広めるためにやってきた学生。
学年とクラスまではわからない"
CodeName,188,name,異界を知る者
CodeName,188,description,"「知らないこと」を「何故知らないか」
答えられる者は果たして……"
CodeName,189,name,美人なにいちゃん
CodeName,189,description,"番台のおばちゃんすら欺くその美貌。
本人にとっては迷惑な話"
CodeName,190,name,ボクっ娘？
CodeName,190,description,"運命の人と間違われた青年。
その後、彼がどうなったかを知る者は誰もいない"
CodeName,191,name,会員番号０００６
CodeName,191,description,"イリアファンクラブの会員。
気がつけば無条件で会員に…"
CodeName,192,name,見届け人
CodeName,192,description,"一度決めたことは頑として貫き通す。
それも彼のイデオロギー"
CodeName,193,name,自由な青年
CodeName,193,description,"皆が買い物する中、本を読む人がいてもいい。
それが自由というものだ"
CodeName,194,name,優しいのか厳しいのか
CodeName,194,description,"身投げするおねえさんを結果的に助けた青年。
彼の真意を知るのは難しい"
CodeName,195,name,仕置き人
CodeName,195,description,"秩序のない野盗をこらしめた青年。
オトリになるのは二度とごめん"
CodeName,196,name,シナリオアレンジャー
CodeName,196,description,"シナリオを大胆にアレンジした青年。
その手腕は彼の才能を感じさせる？"
CodeName,197,name,安心する青年
CodeName,197,description,"帰りし者の姿を見て安堵する青年。
仲間なら当然"
CodeName,198,name,素直じゃない人
CodeName,198,description,"谷底に落ちかけた仲間を咄嗟に助けた者に
贈られる称号。素直じゃないけど勇敢"
CodeName,199,name,魂の救済者
CodeName,199,description,"救われぬ魂を解放せし者。
彼が救える魂はもう１つだけ…"
CodeName,200,name,カタコト冒険者
CodeName,200,description,"この国の言葉は、まだまだ不慣れ。
こんなときこそボディランゲージ！"
CodeName,201,name,新米考古学者
CodeName,201,description,"新米だけど好奇心だけは誰にも負けない。
見たことない物があれば飛んでいく！"
CodeName,202,name,ベテラン考古学者
CodeName,202,description,"考古学者がすっかり板についてきた。
ちょっとした有名人として噂になっている"
CodeName,203,name,トレジャーハンター
CodeName,203,description,"財宝を見つけることが人生。
情報があれば、すぐ行く！今行く！どこへでも！"
CodeName,204,name,キングバトラー
CodeName,204,description,"闘技場を制した者の称号。
バトラーには執事という意味もあります"
CodeName,205,name,料理の鉄人
CodeName,205,description,"料理を極めた者に贈られる称号。
彼女の料理に対する愛情は計り知れない"
CodeName,206,name,砂浜に舞い降りた女神
CodeName,206,description,"輝き光るパーフェクトな体つき。
そのあまりの神々しさに卒倒する者もいる"
CodeName,207,name,星を継ぐもの
CodeName,207,description,"天上の技術を見届けた者に与えられる称号。
新たな力が彼女をさらなる高みへ！"
CodeName,208,name,謎の少女
CodeName,208,description,"謎というより謎が好きな少女。
好奇心旺盛ですべてが輝いて見える"
CodeName,209,name,異世界からの来訪者
CodeName,209,description,"異世界からやってきた少女。
その真の目的はすぐれた技術を持ち帰ること"
CodeName,210,name,キュートバニー
CodeName,210,description,"バニーガールに才能を見抜かれた少女。
そのかわいさは人目を引く"
CodeName,211,name,神出鬼没
CodeName,211,description,"どんな場所でもどんな状況でもおかまいなしに
現れる。空気が読めないとも言う"
CodeName,212,name,見学人
CodeName,212,description,"工場見学に興味のある少女。
女の子にはめずらしい趣味の持ち主"
CodeName,213,name,軍人
CodeName,213,description,"近代的戦闘訓練を受けている少女。
その足さばきは、未熟ながらも見事なもの"
CodeName,214,name,抱きつき魔
CodeName,214,description,"彼女にとっては喜びを表現すること。
仲間と思えば誰彼かまわず抱きつきます"
CodeName,215,name,会員番号０００７
CodeName,215,description,"イリアファンクラブの会員。
気がつけば無条件で会員に…"
CodeName,216,name,傷自慢
CodeName,216,description,"体中に傷を持つ者に与えられる称号。
足の傷にはふれないで…"
CodeName,217,name,世界を見る者
CodeName,217,description,"仲間と一緒にいることを選んだ者。
世界をその目で見ることこそが彼女の信念"
CodeName,218,name,自由なお嬢
CodeName,218,description,"彼女にとってこの世界は、
ある意味で自由なのかもしれない"
CodeName,219,name,心に誓う者
CodeName,219,description,"同胞の無念を見届けた者。
揺らぐことのない固い決意を心に誓う"
CodeName,220,name,勉強熱心
CodeName,220,description,"テノスの兵器工場を見学した少女。
軍事機密も見たかった…"
CodeName,221,name,友達思いのお嬢
CodeName,221,description,"友達の無事を喜ぶ者に与えられる称号。
帰ってくると信じてる。それが友達"
CodeName,222,name,天使な悪魔
CodeName,222,description,"天使のような悪魔の思考を持った少女。
夜なら誰も見ていない"
CodeName,223,name,クロといっしょ
CodeName,223,description,"とっても愛らしい黒猫のぬいぐるみ。
中身はとってもオタクなオヤジネコ"
CodeName,224,name,頼りない風紀委員
CodeName,224,description,"頼りなくても立派な風紀委員。
ゴミはちゃんとゴミ箱に！　…い、入れようね"
CodeName,225,name,いまどき女学生
CodeName,225,description,"リボン代わりのスカーフがワンポイント。
いまどきの女学生はセンスも光る"
CodeName,226,name,おしゃれヤンキー
CodeName,226,description,"少し崩した着こなしとツートン帽子が
おしゃれの決め手。これでも不良だぜ！"
CodeName,227,name,ふんわりお嬢様
CodeName,227,description,"ふんわり柔らかな印象を与える学園のお嬢様。
食べる姿も優雅にして可憐"
CodeName,228,name,熱血体育教師
CodeName,228,description,"自称仕事熱心な体育教師。
意外と熱くて頼れる教師です"
CodeName,229,name,学園のマスコット
CodeName,229,description,"とってもかわいい学園のマスコット的存在。
知らない人には付いて行っちゃダメ"
CodeName,230,name,噂の生徒会副会長
CodeName,230,description,"育ちが良く、皆の信頼も厚い副会長。
その実態は学園すら牛耳る…影の覇者！？"
CodeName,231,name,元気一杯な転校生
CodeName,231,description,"元気一杯夢一杯、とっても元気な転校生。
食パンくわえて猛ダッシュはお約束？"
CodeName,232,name,タリム医学校の医学生
CodeName,232,description,"医学校に通う芯が強く心優しい少年。
研究所に向かった先で彼が見た物は…"
CodeName,233,name,レンズハンター
CodeName,233,description,"お金大好きレンズハンター。
将来の夢は孤児院を建てること"
CodeName,234,name,アタモニ神団の護衛兵
CodeName,234,description,"アタモニ神団の騎士団に所属していた斧槍使い。
とっても頼れるナイスガイ"
CodeName,235,name,キムラスカの王女
CodeName,235,description,"民を思い、国を憂える気高く誇り高い少女。
弓の腕も一流な上に治癒師でもある"
CodeName,236,name,カレギアの黒豹
CodeName,236,description,"元王の盾の隊長にして鋼のフォルスの能力者。
とても軍人気質なガジュマの戦士"
CodeName,237,name,ボクっ娘海賊
CodeName,237,description,"大海賊アイフリードの子孫。
モフモフ、ふさふさの毛を持つ動物が嫌い"
CodeName,238,name,皇帝の懐刀
CodeName,238,description,"マルクト帝国軍第三師団の師団長。
死霊使いと恐れられるほどの実力者"
CodeName,239,name,花の名を持つ少女
CodeName,239,description,"花畑で眠っていた記憶喪失の少女。
この身を犠牲にしてでも仲間は守り抜く！"
CodeName,240,name,アイドル候補生
CodeName,240,description,"翔太風の衣装を着たルカ。
今度はルカをプロデュース！"
CodeName,241,name,アイドル候補生
CodeName,241,description,"真風の衣装を着たイリア。
今度はイリアをプロデュース！"
CodeName,242,name,アイドル候補生
CodeName,242,description,"翔太風の衣装を着たスパーダ。
今度はスパーダをプロデュース！"
CodeName,243,name,アイドル候補生
CodeName,243,description,"律子風の衣装を着たアンジュ。
今度はアンジュをプロデュース！"
CodeName,244,name,アイドル候補生
CodeName,244,description,"北斗風の衣装を着たリカルド。
今度はリカルドをプロデュース！"
CodeName,245,name,アイドル候補生
CodeName,245,description,"やよい風の衣装を着たエルマーナ。
今度はエルマーナをプロデュース！"
CodeName,246,name,アイドル候補生
CodeName,246,description,"冬馬風の衣装を着たコンウェイ。
今度はコンウェイをプロデュース！"
CodeName,247,name,アイドル候補生
CodeName,247,description,"響風の衣装を着たキュキュ。
今度はキュキュをプロデュース！"
CodeName,248,name,なりきりアスラ
CodeName,248,description,"センサスの猛将に扮したその姿。
我が前に敵はなし！"
CodeName,249,name,なりきりイナンナ
CodeName,249,description,"豊穣の女神に扮したその姿。
美貌をもって敵を撃ち抜く！"
CodeName,250,name,なりきりデュランダル
CodeName,250,description,"終結の聖剣に扮したその姿。
この剣にて全てを断ち切る！"
CodeName,251,name,なりきりオリフィエル
CodeName,251,description,"ラティオの智将に扮したその姿。
溢れ出んばかりの智謀にて仲間を導く！"
CodeName,252,name,なりきりヒュプノス
CodeName,252,description,"戦場の死神に扮したその姿。
死神の鎌を手に戦乱を鎮めん！"
CodeName,253,name,なりきりヴリトラ
CodeName,253,description,"母なる龍神に扮したその姿。
その拳で全てを守り抜く！"
CodeName,254,name,なりきりヒンメル
CodeName,254,description,"天空神の一柱に扮したその姿。
その知識にて仲間を支える！"
CodeName,255,name,なりきりサクヤ
CodeName,255,description,"花の女神に扮したその姿。
可憐な花が戦場に咲き誇る！"
CodeName,256,name,駆け出し研修医
CodeName,256,description,"今はまだ駆け出しだけれど
いつかは立派な、お医者になることを目指して"
CodeName,257,name,将来有望な女教師
CodeName,257,description,"校長になるための第一歩？
現場を知って立派な校長を目指します"
CodeName,258,name,王国の騎士
CodeName,258,description,"誇りを胸に戦い続けるその姿。
心に剣を持ち、民を守る楯となる！"
CodeName,259,name,北国の看護士
CodeName,259,description,"北国をかける白衣の天使。
その姿は体だけでなく心も癒します"
CodeName,260,name,精密な狩人
CodeName,260,description,"狙った獲物は逃さない。
その精密な射撃はまさに狩人"
CodeName,261,name,敬虔なシスター？
CodeName,261,description,"とっても元気で敬虔なシスターさん。
自分、神さん信じとる？"
CodeName,262,name,静かなる暗殺者
CodeName,262,description,"与えられた任務をそつなくこなす暗殺者。
冷酷にして無慈悲"
CodeName,263,name,軍の女将校
CodeName,263,description,"実は軍では偉かったのです！？
自ら先陣を切る彼女の部隊の士気は抜群！"
CodeName,264,name,たれいぬみみ
CodeName,264,description,"かわいく垂れた犬の耳。
その姿に思わず構ってしまいたくなる？"
CodeName,265,name,きつねみみ
CodeName,265,description,"２色のコントラストが鮮やかな狐の耳。
かわいい姿に化かされてしまうかも！？"
CodeName,266,name,おおかみみ
CodeName,266,description,"ピンと立った誇り高きオオカミの耳。
決して犬じゃありません！"
CodeName,267,name,ひつじつの
CodeName,267,description,"ぐるっと巻いた羊の角。
かわいさに見惚れると痛い一撃が！？"
CodeName,268,name,とらみみ
CodeName,268,description,"雄々しきトラの耳。
狙った獲物は絶対に逃がさない！"
CodeName,269,name,いぬみみ
CodeName,269,description,"大きく立った犬の耳。
寒くても元気に走り回ること間違いなし！"
CodeName,270,name,たれうさみみ
CodeName,270,description,"ぴょこんと垂れた兎の耳。
彼の近くで内緒話は厳禁！？"
CodeName,271,name,ねこみみ
CodeName,271,description,"かわいくとがった猫の耳。彼女の
アクロバティックな動きは猫みたいですにゃー"
CodeName,272,name,くせっけルカ
CodeName,272,description,"いつもとあまり変わらないはずなのに
なんだか心が軽い気がする。みょんみょん"
CodeName,273,name,くせっけイリア
CodeName,273,description,"いつもとあまり変わらないはずなのに
なんだか心が軽い気がする。みょんみょん"
CodeName,274,name,くせっけスパーダ
CodeName,274,description,"いつもとあまり変わらないはずなのに
なんだか心が軽い気がする。みょんみょん"
CodeName,275,name,くせっけアンジュ
CodeName,275,description,"いつもとあまり変わらないはずなのに
なんだか心が軽い気がする。みょんみょん"
CodeName,276,name,くせっけリカルド
CodeName,276,description,"いつもとあまり変わらないはずなのに
なんだか心が軽い気がする。みょんみょん"
CodeName,277,name,くせっけエルマーナ
CodeName,277,description,"いつもとあまり変わらないはずなのに
なんだか心が軽い気がする。みょんみょん"
CodeName,278,name,くせっけコンウェイ
CodeName,278,description,"いつもとあまり変わらないはずなのに
なんだか心が軽い気がする。みょんみょん"
CodeName,279,name,くせっけキュキュ
CodeName,279,description,"いつもとあまり変わらないはずなのに
なんだか心が軽い気がする。みょんみょん"
CodeName,280,name,ぐるぐるメガネ
CodeName,280,description,"瓶底のような分厚いメガネ。
見てるとこっちの目が回ってきちゃう？"
CodeName,281,name,かしましメガネ
CodeName,281,description,"細めのフレームのおしゃれなメガネ。
おしゃべりな彼女もなんだか知的に"
CodeName,282,name,不良メガネ
CodeName,282,description,"上部のフレームがないしゃれたメガネ。
不良な彼もこれで知的に見える…かも？"
CodeName,283,name,クールメガネ
CodeName,283,description,"落ち着いた雰囲気のメガネ。
食欲は減らないけど、普段よりもクールに見える"
CodeName,284,name,大人メガネ
CodeName,284,description,"大人らしく落ち着いた雰囲気のメガネ。
これで見つめられたら女性はイチコロ？"
CodeName,285,name,ゴーグル少女
CodeName,285,description,"普段よりも活発に見えるゴーグル。
大冒険の末に財宝が見つけられるかも？"
CodeName,286,name,インテリメガネ
CodeName,286,description,"かけるだけでインテリに見えるメガネ。
知的な彼にはメガネが良く似合う"
CodeName,287,name,黒メガネ
CodeName,287,description,"キラリと光る黒いメガネ。
護衛ならキュキュに任せる！"
Recipe,0,name,おにぎり
Recipe,0,description,"HP10％回復。
炊きたてのライスを愛情込めて握った一品"
Recipe,1,name,卵かけご飯
Recipe,1,description,"HP15％回復。
あつあつのライスに新鮮なタマゴをのせてどうぞ"
Recipe,2,name,たきこみご飯
Recipe,2,description,"HP20％回復。
香り高いキノコをライスと一緒に炊き上げる"
Recipe,3,name,オムライス
Recipe,3,description,"HP25％回復。ふわとろのタマゴに
たっぷりのケチャップが魅力的"
Recipe,4,name,シーフードドリア
Recipe,4,description,"HP30％回復。
こげたチーズが食欲をそそる"
Recipe,5,name,ピラフ
Recipe,5,description,"HP40％回復。
色々な具材が絡み合った旨味凝縮ライス"
Recipe,6,name,ロコモコ
Recipe,6,description,"HP50％回復。ライスの上にハンバーグや
目玉焼きがのったワンプレート料理"
Recipe,7,name,マーボーカレー
Recipe,7,description,"HP50％、戦闘不能回復。
マーボーとカレーの約束された出会いが今ここに"
Recipe,8,name,お好み焼きサンド
Recipe,8,description,"HP70％回復。手早く食べるために、
改良されたお好み焼き。まさに革命児"
Recipe,9,name,丸ごと一本Ｂカレー
Recipe,9,description,"HP80％、戦闘不能回復。幻のレシピのひとつ。
完熟バナナがいい味出してます"
Recipe,10,name,サンドウィッチ
Recipe,10,description,"HP5％、TP5％回復。
パンとパンの間に具材を挟んだお手軽料理"
Recipe,11,name,フレンチトースト
Recipe,11,description,"HP15％、TP10％回復。
ミルクとタマゴのしっとりとした甘さが魅力"
Recipe,12,name,やきそばパン
Recipe,12,description,"最大HP、TPを5％UP。やきそばを挟んだパン。
各地で争奪戦が起こるほど人気"
Recipe,13,name,チーズフォンデュ
Recipe,13,description,"HP25％、TP20％回復。とろとろのチーズに
パンや野菜をくぐらせていただきます"
Recipe,14,name,ハンバーガー
Recipe,14,description,"術攻と術防を10％UP。
肉と野菜をたっぷり挟んで、贅沢に"
Recipe,15,name,クロックムッシュ
Recipe,15,description,"最大HP、TP10％UP。
フォークとナイフを使っていただきます"
Recipe,16,name,ピザトースト
Recipe,16,description,"物攻、物防を10％UP。ピザ風に仕立てたパン。
チーズが適度にとろけてます"
Recipe,17,name,パンプディング
Recipe,17,description,"HP40％、TP30％回復。ふわふわで優しい甘さ。
一口食べれば幸せいっぱい"
Recipe,18,name,コロッケパン
Recipe,18,description,"HP60％、TP40％回復。
衣サクサク、中はほくほくのコロッケを挟んで"
Recipe,19,name,パックまん
Recipe,19,description,"最大HP20％、TP30％UP。幻のレシピのひとつ。
もちふわ生地にクリームがイン！"
Recipe,20,name,やきそば
Recipe,20,description,"術攻3％UP。もちもちの麺にシャキシャキ野菜。
自慢のソースで召し上がれ"
Recipe,21,name,ミートソース
Recipe,21,description,"術攻3％UP。じっくり煮込んだソースが決め手。
服を汚さないように気をつけて"
Recipe,22,name,シーフードパスタ
Recipe,22,description,"術攻5％UP。魚介の旨味がたまらない
アッサリ系パスタ。おかわり！"
Recipe,23,name,トマトの冷製パスタ
Recipe,23,description,"術攻8％UP。フレッシュなトマトを
あますところなく堪能できます"
Recipe,24,name,カルボナーラ
Recipe,24,description,"術攻10％UP。太めのパスタに絡まる
濃厚なソースが、あなたの心をわしづかみ"
Recipe,25,name,おろしそば
Recipe,25,description,"術攻12％UP。サッパリとしてコシがある
冷たいおそば。何杯でもいける"
Recipe,26,name,チャーシューメン
Recipe,26,description,"術攻12％UP。こだわり抜いた
やわらかチャーシューが盛り沢山"
Recipe,27,name,オムソバ
Recipe,27,description,"術攻15％UP。ひと手間かけて
やきそばをふんわりタマゴで包みました"
Recipe,28,name,グラスパ
Recipe,28,description,"術攻15％UP。表面をこんがりと焼きました。
香ばしい香りがグッときます"
Recipe,29,name,サバみそパスタ
Recipe,29,description,"術攻10％UP。幻のレシピのひとつ。
奇跡が生んだ料理。地味だけど幻なの"
Recipe,30,name,サラダ
Recipe,30,description,"術防3％UP。
ドレッシングなしでもイケるフレッシュさ"
Recipe,31,name,コールスロー
Recipe,31,description,"術防5％UP。刻んであえるだけの簡単サラダ。
病み付きになる美味しさ"
Recipe,32,name,トウフステーキ
Recipe,32,description,"術防8％UP。畑の肉をふっくら
こんがり焼いた大地のステーキ"
Recipe,33,name,野菜炒め
Recipe,33,description,"術防8％UP。
シンプルながらも、野菜本来の旨味を楽しめます"
Recipe,34,name,あぶりキノコ
Recipe,34,description,"術防10％UP。あぶりながら
まだかまだかと待つ時間は食事のスパイスです"
Recipe,35,name,カレー鍋
Recipe,35,description,"術防12％UP。HP10％、戦闘不能回復。
具材の旨味が溶け合ったスープは絶品"
Recipe,36,name,天ぷら
Recipe,36,description,"術防15％UP。サクッとさせるのは至難の業。
塩かつゆかは、お好みで"
Recipe,37,name,ロールキャベツ
Recipe,37,description,"術防12％UP。とろとろのキャベツが絶品。
スープはブイヨン仕立てです"
Recipe,38,name,コロッケ
Recipe,38,description,"術防20％UP。揚げたてサクサク
中はほくほくのどこか懐かしい味"
Recipe,39,name,秘伝野菜汁
Recipe,39,description,"術防10％UP。幻のレシピのひとつ。
味もある意味秘伝。飲むには覚悟が必要"
Recipe,40,name,からあげポテト
Recipe,40,description,"物攻3％UP。
カリカリに揚げたチキンにポテトを添えて"
Recipe,41,name,やきとり
Recipe,41,description,"物攻3％UP。香ばしく焼かれた肉と
甘じょっぱいタレとの相性は抜群"
Recipe,42,name,ハンバーグ
Recipe,42,description,"物攻5％UP。ふんわりと柔らかく
肉汁があふれ出るほどジューシー"
Recipe,43,name,ステーキ
Recipe,43,description,"物攻8％UP。レア、ミディアム、
ウェルダン…焼き加減はお好みで"
Recipe,44,name,お好み焼き
Recipe,44,description,"物攻10％UP。ソース、のり、かつおぶしを
たっぷりとかけていただきます"
Recipe,45,name,すきやき
Recipe,45,description,"物攻10％UP。
しっかりと味がしみた牛肉が口の中でとろけます"
Recipe,46,name,マーボー豆腐
Recipe,46,description,"物攻12％UP。
絶妙な辛さでライスがすすみます"
Recipe,47,name,スコッチエッグ
Recipe,47,description,"物攻15％UP。ゆでタマゴを
ひき肉と衣で包みサクッと揚げました"
Recipe,48,name,ローストビーフ
Recipe,48,description,"物攻20％UP。厚切りでも薄切りでも
楽しめる手間隙かかった肉料理"
Recipe,49,name,チキンの丸焼き
Recipe,49,description,"物攻10％UP。幻のレシピのひとつ。
イリアの母の味。故郷へ思いを馳せて"
Recipe,50,name,サバみそ
Recipe,50,description,"物防3％UP。
どこか懐かしいおふくろの味"
Recipe,51,name,鮭のムニエル
Recipe,51,description,"物防5％UP。両面をカリッと焼き
シンプルながらもしっかりとした味わい"
Recipe,52,name,大根とイカの煮物
Recipe,52,description,"物防5％UP。しっかりと中まで
味がしみたダイコンがたまりません"
Recipe,53,name,漁師鍋
Recipe,53,description,"物防8％UP。漁師たちが作ったとされる
海の幸満載の豪華で豪快な鍋"
Recipe,54,name,エビチリ
Recipe,54,description,"物防10％UP。ぷりっとした新鮮なエビを使用。
チリソースとよく絡みます"
Recipe,55,name,みそおでん
Recipe,55,description,"物防12％UP。
味がしみこんだ具材が、冷えた体に染み渡ります"
Recipe,56,name,ちゃんちゃん焼き
Recipe,56,description,"物防15％UP。サーモンと野菜に特製ミソが
たっぷりと絡み、ライスがすすみます"
Recipe,57,name,おさしみ
Recipe,57,description,"物防12％UP。
鮮度が命！　おろしたてのわさびを添えてどうぞ"
Recipe,58,name,おすし
Recipe,58,description,"物防20％UP。
ネタとシャリが奏でるハーモニーはまさに芸術"
Recipe,59,name,ふな寿司
Recipe,59,description,"物防10％UP。幻のレシピのひとつ。
ふなを用いたなれずし。ハマると病み付きに"
Recipe,60,name,チョコバナナ
Recipe,60,description,"TP10％回復。あま～いバナナと
チョコの組み合わせは、お祭りでも大人気"
Recipe,61,name,バニラアイス
Recipe,61,description,"TP15％回復。バニラビーンズを惜しげもなく
使用した、濃厚な香りのアイス"
Recipe,62,name,アップルパイ
Recipe,62,description,"TP20％回復。サクッとしたパイに
酸味の効いたリンゴを詰めました"
Recipe,63,name,ショートケーキ
Recipe,63,description,"TP25％回復。イチゴは最初？　それとも最後？
クリームたっぷりで幸せ独り占め"
Recipe,64,name,クレープ
Recipe,64,description,"TP35％回復。たっぷりのフルーツとクリーム。
ひとくち食べれば笑顔がこぼれる"
Recipe,65,name,フルーツパフェ
Recipe,65,description,"TP40％回復。フルーツたちの魅惑の共演。
脇役なんていない。みんなが主役！"
Recipe,66,name,ガトーショコラ
Recipe,66,description,"TP50％回復。濃厚でしっとり。
ビターなチョコ好きにはたまらないお菓子"
Recipe,67,name,プリンアラモード
Recipe,67,description,"TP60％回復。プリンとフルーツが魅せる夢で
ひとときの幸福を"
Recipe,68,name,チョコフォンデュ
Recipe,68,description,"TP70％回復。パンやフルーツ、
お好きなものをつけて召し上がれ"
Recipe,69,name,チョコバナナ天
Recipe,69,description,"TP80％回復。幻のレシピのひとつ。
チョコバナナをカラッと揚げてみました"
Recipe,70,name,ホットチョコレート
Recipe,70,description,"毒・麻痺を50％で防止。
一口飲むだけで心安らぐ魔法の飲み物"
Recipe,71,name,味噌汁
Recipe,71,description,"衰弱を50％で防止。
具材次第で、多彩に変化する万能なスープ"
Recipe,72,name,タマゴスープ
Recipe,72,description,"状態変化を50％で防止。
素材を生かした味が体に優しく染み渡ります"
Recipe,73,name,ビーフシチュー
Recipe,73,description,"石化を50％で防止。じっくりと煮込んだ
ゴロゴロ野菜とビーフのシチュー"
Recipe,74,name,フルーツジュース
Recipe,74,description,"恐怖を50％で防止。
爽やかで甘い味が口の中に広がりスッキリ"
Recipe,75,name,オニグラスープ
Recipe,75,description,"毒・麻痺を100％で防止。
タマネギの旨味を存分に楽しめるスープ"
Recipe,76,name,豚汁
Recipe,76,description,"衰弱を100％で防止。ポークを味噌汁に入れると
あら不思議、別の料理が誕生！"
Recipe,77,name,野菜ジュース
Recipe,77,description,"恐怖を100％で防止。
栄養豊富。毎日飲めば健康になるかも？"
Recipe,78,name,クリームシチュー
Recipe,78,description,"石化を100％で防止。色んな野菜を入れて
栄養満点、食べて笑顔も満点です"
Recipe,79,name,チーズスープ
Recipe,79,description,"状態異常・変化を100％で防止。
幻のレシピのひとつ。思い出すのは母の味"
RaveAbility,0,name,リジェネ１
RaveAbility,0,description,戦闘中一定時間毎にHPを4％回復する
RaveAbility,1,name,リジェネ２
RaveAbility,1,description,戦闘中一定時間毎にHPを6％回復する
RaveAbility,2,name,リジェネ３
RaveAbility,2,description,戦闘中一定時間毎にHPを8％回復する
RaveAbility,3,name,リジェネ４
RaveAbility,3,description,戦闘中一定時間毎にHPを10％回復する
RaveAbility,4,name,リラックス１
RaveAbility,4,description,戦闘中一定時間毎にTPを4％回復する
RaveAbility,5,name,リラックス２
RaveAbility,5,description,戦闘中一定時間毎にTPを6％回復する
RaveAbility,6,name,リラックス３
RaveAbility,6,description,戦闘中一定時間毎にTPを8％回復する
RaveAbility,7,name,リラックス４
RaveAbility,7,description,戦闘中一定時間毎にTPを10％回復する
RaveAbility,8,name,ディバインブレス１
RaveAbility,8,description,戦闘中一定時間毎にHPとTPを2％回復する
RaveAbility,9,name,ディバインブレス２
RaveAbility,9,description,戦闘中一定時間毎にHPとTPを3％回復する
RaveAbility,10,name,ディバインブレス３
RaveAbility,10,description,戦闘中一定時間毎にHPとTPを4％回復する
RaveAbility,11,name,ディバインブレス４
RaveAbility,11,description,戦闘中一定時間毎にHPとTPを5％回復する
RaveAbility,12,name,アンチボディ１
RaveAbility,12,description,状態異常の回復速度を1.5倍速くする
RaveAbility,13,name,アンチボディ２
RaveAbility,13,description,状態異常の回復速度を2倍速くする
RaveAbility,14,name,アンチボディ３
RaveAbility,14,description,状態異常の回復速度を3倍速くする
RaveAbility,15,name,アンチボディ４
RaveAbility,15,description,状態異常の回復速度を10倍速くする
RaveAbility,16,name,ＴＰチャージ１
RaveAbility,16,description,通常攻撃がヒットした時のTP回復量を2倍にする
RaveAbility,17,name,ＴＰチャージ２
RaveAbility,17,description,通常攻撃がヒットした時のTP回復量を3倍にする
RaveAbility,18,name,ＴＰチャージ３
RaveAbility,18,description,通常攻撃がヒットした時のTP回復量を4倍にする
RaveAbility,19,name,ＴＰチャージ４
RaveAbility,19,description,通常攻撃がヒットした時のTP回復量を5倍にする
RaveAbility,20,name,チームアタック１
RaveAbility,20,description,戦闘中物理攻撃力が6％上昇する
RaveAbility,21,name,チームアタック２
RaveAbility,21,description,戦闘中物理攻撃力が9％上昇する
RaveAbility,22,name,チームアタック３
RaveAbility,22,description,戦闘中物理攻撃力が12％上昇する
RaveAbility,23,name,チームアタック４
RaveAbility,23,description,戦闘中物理攻撃力が15％上昇する
RaveAbility,24,name,チームマジック１
RaveAbility,24,description,戦闘中術攻撃力が6％上昇する
RaveAbility,25,name,チームマジック２
RaveAbility,25,description,戦闘中術攻撃力が9％上昇する
RaveAbility,26,name,チームマジック３
RaveAbility,26,description,戦闘中術攻撃力が12％上昇する
RaveAbility,27,name,チームマジック４
RaveAbility,27,description,戦闘中術攻撃力が15％上昇する
RaveAbility,28,name,チームディフェンス１
RaveAbility,28,description,戦闘中物理防御力が6％上昇する
RaveAbility,29,name,チームディフェンス２
RaveAbility,29,description,戦闘中物理防御力が9％上昇する
RaveAbility,30,name,チームディフェンス３
RaveAbility,30,description,戦闘中物理防御力が12％上昇する
RaveAbility,31,name,チームディフェンス４
RaveAbility,31,description,戦闘中物理防御力が15％上昇する
RaveAbility,32,name,チームレジスト１
RaveAbility,32,description,戦闘中術防御力が6％上昇する
RaveAbility,33,name,チームレジスト２
RaveAbility,33,description,戦闘中術防御力が9％上昇する
RaveAbility,34,name,チームレジスト３
RaveAbility,34,description,戦闘中術防御力が12％上昇する
RaveAbility,35,name,チームレジスト４
RaveAbility,35,description,戦闘中術防御力が15％上昇する
RaveAbility,36,name,ボルテージ１
RaveAbility,36,description,OVLゲージが一定時間毎に2％増える
RaveAbility,37,name,ボルテージ２
RaveAbility,37,description,OVLゲージが一定時間毎に4％増える
RaveAbility,38,name,ボルテージ３
RaveAbility,38,description,OVLゲージが一定時間毎に6％増える
RaveAbility,39,name,ボルテージ４
RaveAbility,39,description,OVLゲージが一定時間毎に8％増える
RaveAbility,40,name,ディバイドダメージ１
RaveAbility,40,description,戦闘中受けるダメージを5％軽減する
RaveAbility,41,name,ディバイドダメージ２
RaveAbility,41,description,戦闘中受けるダメージを10％軽減する
RaveAbility,42,name,ディバイドダメージ３
RaveAbility,42,description,戦闘中受けるダメージを15％軽減する
RaveAbility,43,name,ディバイドダメージ４
RaveAbility,43,description,戦闘中受けるダメージを20％軽減する
RaveAbility,44,name,エンドボーナス１
RaveAbility,44,description,戦闘終了時に獲得ガルドを1.1倍にする
RaveAbility,45,name,エンドボーナス２
RaveAbility,45,description,戦闘終了時に獲得ガルドを1.2倍にする
RaveAbility,46,name,エンドボーナス３
RaveAbility,46,description,戦闘終了時に獲得ガルドを1.5倍にする
RaveAbility,47,name,エンドボーナス４
RaveAbility,47,description,戦闘終了時に獲得ガルドを2倍にする
RaveAbility,48,name,エンドハピネス１
RaveAbility,48,description,戦闘終了時に獲得経験値を1.1倍にする
RaveAbility,49,name,エンドハピネス２
RaveAbility,49,description,戦闘終了時に獲得経験値を1.2倍にする
RaveAbility,50,name,エンドハピネス３
RaveAbility,50,description,戦闘終了時に獲得経験値を1.5倍にする
RaveAbility,51,name,エンドハピネス４
RaveAbility,51,description,戦闘終了時に獲得経験値を2倍にする
RaveAbility,52,name,エンドグロウアップ１
RaveAbility,52,description,戦闘終了時に獲得APを1.1倍にする
RaveAbility,53,name,エンドグロウアップ２
RaveAbility,53,description,戦闘終了時に獲得APを1.2倍にする
RaveAbility,54,name,エンドグロウアップ３
RaveAbility,54,description,戦闘終了時に獲得APを1.5倍にする
RaveAbility,55,name,エンドグロウアップ４
RaveAbility,55,description,戦闘終了時に獲得APを2倍にする
RaveAbility,56,name,アイテムコレクター１
RaveAbility,56,description,"戦闘中、入手した事のないアイテムの
取得率が僅かに増える"
RaveAbility,57,name,アイテムコレクター２
RaveAbility,57,description,"戦闘中、入手した事のないアイテムの
取得率が少し増える"
RaveAbility,58,name,アイテムコレクター３
RaveAbility,58,description,"戦闘中、入手した事のないアイテムの
取得率が増える"
RaveAbility,59,name,アイテムコレクター４
RaveAbility,59,description,"戦闘中、入手した事のないアイテムの
取得率が大きく増える"
RaveAbility,60,name,アイテムハント１
RaveAbility,60,description,ドロップアイテムの確率が僅かに増える
RaveAbility,61,name,アイテムハント２
RaveAbility,61,description,ドロップアイテムの確率が少し増える
RaveAbility,62,name,アイテムハント３
RaveAbility,62,description,ドロップアイテムの確率が増える
RaveAbility,63,name,アイテムハント４
RaveAbility,63,description,ドロップアイテムの確率が大きく増える
RaveAbility,64,name,レイヴアップ１
RaveAbility,64,description,レイヴゲージを少し上がり易くする
RaveAbility,65,name,レイヴアップ２
RaveAbility,65,description,レイヴゲージを上がり易くする
RaveAbility,66,name,レイヴアップ３
RaveAbility,66,description,レイヴゲージを大きく上がり易くする
RaveAbility,67,name,レイヴセーブ１
RaveAbility,67,description,レイヴゲージを少し下がりにくくする
RaveAbility,68,name,レイヴセーブ２
RaveAbility,68,description,レイヴゲージを下がりにくくする
RaveAbility,69,name,レイヴセーブ３
RaveAbility,69,description,レイヴゲージを大きく下がりにくくする
OperationCond,0,name,自分
OperationCond,0,description,自分をターゲットとします
OperationCond,1,name,HP＜～％の自分
OperationCond,1,description,自分のHPが指定％未満の時、ターゲットとします
OperationCond,2,name,TP＜～％の自分
OperationCond,2,description,自分のTPが指定％未満の時、ターゲットとします
OperationCond,3,name,～ダウンの自分
OperationCond,3,description,"自分の指定パラメータがダウンしている時、
ターゲットとします"
OperationCond,4,name,味方単体
OperationCond,4,description,味方をターゲットとします
OperationCond,5,name,HP＜～％の味方
OperationCond,5,description,味方のHPが指定％未満の時、ターゲットとします
OperationCond,6,name,TP＜～％の味方
OperationCond,6,description,味方のTPが指定％未満の時、ターゲットとします
OperationCond,7,name,～ダウンの味方
OperationCond,7,description,"味方の指定パラメータがダウンしている時、
ターゲットとします"
OperationCond,8,name,～の高い味方
OperationCond,8,description,指定パラメータの高い味方をターゲットとします
OperationCond,9,name,～の低い味方
OperationCond,9,description,指定パラメータの低い味方をターゲットとします
OperationCond,10,name,HP＜～％のパーティー
OperationCond,10,description,"パーティーのHPが指定％未満の時、
ターゲットとします"
OperationCond,11,name,TP＜～％のパーティー
OperationCond,11,description,"パーティーのTPが指定％未満の時、
ターゲットとします"
OperationCond,12,name,特定のキャラクター
OperationCond,12,description,指定キャラクターをターゲットとします
OperationCond,13,name,敵単体
OperationCond,13,description,近くの敵を狙います
OperationCond,14,name,同じ敵
OperationCond,14,description,リーダーがターゲットしている敵を狙います
OperationCond,15,name,違う敵
OperationCond,15,description,リーダーがターゲットしていない敵を狙います
OperationCond,16,name,前衛の敵
OperationCond,16,description,前衛の敵を狙います
OperationCond,17,name,後衛の敵
OperationCond,17,description,後衛の敵を狙います
OperationCond,18,name,詠唱中の敵
OperationCond,18,description,詠唱を開始した敵を狙います
OperationCond,19,name,空を飛ぶ敵
OperationCond,19,description,飛行タイプの敵を狙います
OperationCond,20,name,～が弱点の敵
OperationCond,20,description,指定弱点属性を持つ敵を狙います
OperationCond,21,name,詠唱中の味方を狙う敵
OperationCond,21,description,詠唱中の味方を狙っている敵を狙います
OperationCond,22,name,HPが高い敵
OperationCond,22,description,最大HPの多い敵を狙います
OperationCond,23,name,HPが低い敵
OperationCond,23,description,最大HPが少ない敵を狙います
OperationCond,24,name,HP≧～％の敵
OperationCond,24,description,残りHPが指定％以上の敵を狙います
OperationCond,25,name,HP＜～％の敵
OperationCond,25,description,残りHPが指定％未満の敵を狙います
OperationCond,26,name,～アップの敵
OperationCond,26,description,指定パラメータがアップしている敵を狙います
OperationCond,27,name,～の高い敵
OperationCond,27,description,指定パラメータの高い敵を狙います
OperationCond,28,name,～の低い敵
OperationCond,28,description,指定パラメータの低い敵を狙います
